Song Name,Genre,Lyrics
涩,民谣,"我想我应该是一朵死去的花
不然怎么就盛开不了呢
我想我应该是黑夜的孩子
不然怎么就那么害怕阳光
我渴望是一只孤独飞翔的蜻蜓
在美丽的花丛中自由的穿行
我多么希望自己是一只萤火虫
在每一个夜晚都会有光明
是不是所有的麻雀都会在冬天里死去
是不是所有的人们都在金钱里丧失着良知
是不是只有穷苦的孩子才能唱出最美的歌
是不是只有漂泊的人们才懂得生活的苦涩
是不是所有的麻雀都会在冬天里死去
是不是所有的人们都在金钱里丧失着良知
是不是只有穷苦的孩子才能唱出最美的歌
是不是只有漂泊的人们才懂得生活的苦涩
我想我应该是一朵死去的花
不然怎么就盛开不了呢
我想我应该是黑夜的孩子
不然怎么就那么害怕阳光
我渴望是一只孤独飞翔的蜻蜓
在美丽的花丛中自由的穿行
我多么希望自己是一只萤火虫
在每一个夜晚都会有光明
是不是所有的麻雀都会在冬天里死去
是不是所有的人们都在金钱里丧失着良知
是不是只有穷苦的孩子才能唱出最美的歌
是不是只有漂泊的人们才懂得生活的苦涩
是不是所有的麻雀都会在冬天里死去
是不是所有的人们都在金钱里丧失着良知
是不是只有穷苦的孩子才能唱出最美的歌
是不是只有漂泊的人们才懂得生活的苦涩
收起"
途,民谣,"作曲 : 倪健
作词 : 倪健
一夜冬雪 飘散伊人十里归途
百年孤独 已别爱人 已故
哦 爱人 让我亲吻你
在半月下的海边
让柔光轻裹着你
在黑夜相守 在黎明相拥
相顾不言 因天已朦胧
一夜冬雪 飘散伊人十里归途
百年孤独 已别爱人 已故
青泪两行并行半里夜未央
挥手含笑泪满裳
哦 爱人 我想拥抱你
在吻过你的海边
去寻找消失的你
寂静中睡去 孤独中清醒
泪上唇央 心满伤
一夜冬雪 飘散伊人十里归途
百年孤独 已别爱人 已故
青泪两行并行半里夜未央
挥手含笑泪满裳
一夜冬雪 飘散伊人十里归途
百年孤独 已别爱人 已故
青泪两行并行半里夜未央
挥手含笑泪满裳
收起"
山下,民谣,"作曲 : 方拾贰
作词 : 方拾贰
编曲：1229
和声：方拾贰
混音：xxxRonan
母带制作：mAjorhon
夜一睡，白日里眼前一片黑。
秋一入，风带过异域的思绪。
鱼一惊，高跃起化身成大鸟。
鸟一飞，四季轮回且又一回。
雨一落，化开我眼里的冰，
蔓延成河。
云一过，山下的那条大河，
漫过我眼窝。
风一吹，云雾散去才看清，
远处的你。
你一回头，这遍野山色青峰，
竟失了颜色。
幻化成孤岛的你，
我乘上思念化作的船。
漂啊，漂啊，去看你。
独眠在山谷的你，
我翻山越岭跨过山河，
走着，走着，去寻你。
漫天，飞雪，抚琴，对饮。
愿伴你坐揽天地，
欲念，嗔痴，无妄，相忘。
不悔梦归处是你。
幻化成孤岛的你，
我乘上思念化作的船。
漂啊，漂啊，去看你。
独眠在山谷的你，
我翻山越岭跨过山河。
走着，走着，去寻你。
收起"
秋酿,民谣,"作曲 : 少年佩
作词 : 少年佩
那年他才十八
你也正值美好年华
每当谈及青梅竹马
人们总说“他俩“
那年村头的树下
你苦苦地张望
姗姗来迟的他
送你一枝含苞的花
你说要穿红色的旗袍
点一盏不灭的烛光
他说要种春天的麦芽
喝杯秋天的酒啊
话音还在风中飘荡
他已去了遥远的北方
繁华城市的繁华
让人迷失了方向
春天的麦芽酿成秋天的酒啊
摇曳的烛光闪烁他的脸庞
喝下这杯微醺的陈酿
睡梦中你披上那件红色旗袍
别让眼泪晕花了妆
美丽的新娘
他为你采摘的鲜花
是最独特的嫁妆
啦啦啦啦…………
别留在过往
谁为他脱下体面西装
异乡的游子啊
爬上树梢的月亮
是否还在他心上
收起"
皆非,民谣,"作曲 : 马頔
作词 : 马頔
编曲 : 马頔与OKK乐队

坐在酿造忧愁的酒馆里 谁闭着眼
走在没有星光的灯火阑珊 与黑夜缠绵
拨开时光的脸 还是那个孤孤单单的少年
放纵纷扰的画面 那里人来人往渐行渐远
他总是小心翼翼 卑微着悲喜
他背坐愁城对未来自言自语

点燃一场支离破碎的美梦
看光阴散落下的满眼飞鸿
遥不可及的相守 咫尺天涯的相拥
在繁华落空时 它们相逢

来做一场灰飞烟灭的游戏 信马由缰飘零半生
一个男人握着加温的啤酒 整片星空和一只老狗
他没流过一滴眼泪 却被大雨包围
冷暖自知的酒杯 游荡着善良的魔鬼
他总是这样说 一切都无所谓
他背对着人群 摔碎了酒杯

点燃一场支离破碎的美梦
看光阴散落下的满眼飞鸿
遥不可及的相守 咫尺天涯的相拥
在繁华落空时 它们相逢

点燃一场支离破碎的美梦
看光阴散落下的满眼飞鸿
遥不可及的相守 咫尺天涯的相拥
在繁华落空时 它们相逢

在繁华落空时……

收起"
来信,民谣,"作曲 : 陈鸿宇
作词 : 唐映枫
吉他：孙鹏
编曲/混音：小王磊
青空下列车
往返无声
忽觉夏长
而昨日烟尘
漫过白墙
小城如荒
收到你寄来
信片一张
手写诗氤氲迷香
近况且如常
琐碎几行
落款处友人谨上
如常，工作谈情如常
迷惘也都如常
你看许多人在路上
仍不解为何而忙
笑也困倦，举杯如常
孤独大都如常
你说生来是种补偿
诚然才体谅
何为失望
年少时就想
听雨靠窗
日头虚晃
转眼间三旬
谈笑过场
可有担当
生活以线路
织一面网
每个人择食而亡
信中那故往
纸上客乡
辗转而成一张床
如常，攀附圆滑如常
模样也都如常
你看我们都在路上
仍不解为何而忙
累也熙攘，病倒如常
世故大都如常
你说不再虚设远方
诚然才理解
何为远方
而想来也虚张
寄字句青苍，暮雨遥长 人惶惑亦如常
收起"
短叹,民谣,"作曲 : 少年佩
作词 : 一只然
编曲/混音：王彤
在玫瑰路又一晚
闲来盘算

光阴挥耗成纠缠
唏嘘短叹

有人借自己孤单
谈笑循环

当不尽人意 之时
抱得离散

谁会 给予宽容
待苦难后不袖手旁观
雨夜 不必撑伞
浸透你灰蒙的感官

爱人 不是喜欢
也不是寻欢作乐的伴
而是 口吻平常
河畔未曾驶远的船

听闻 那些流转
纷落走失于万水千山
剪影 熙景迷惘
遗忘了也曾经呼唤

溪水 流淌的缓
如日子一天一天变短
珍重 来去 人海
我只与你风生笑谈

谁会 给予宽容
待苦难后不袖手旁观
雨夜 不必撑伞
浸透你灰蒙的感官

爱人 不是喜欢
也不是寻欢作乐的伴
而是 口吻平常
河畔未曾驶远的船

是的 都会凋零 或早或晚
愿你 尽量明白 那种平凡

别等 倦离之时 你仍未迷途知返
错失 你本应得 是否把方寸打乱
收起"
成都,民谣,"作曲 : 赵雷
作词 : 赵雷
让我掉下眼泪的 不止昨夜的酒
让我依依不舍的 不止你的温柔
余路还要走多久 你攥着我的手
让我感到为难的 是挣扎的自由
分别总是在九月 回忆是思念的愁
深秋嫩绿的垂柳 亲吻着我额头
在那座阴雨的小城里 我从未忘记你
成都 带不走的 只有你
和我在成都的街头走一走
直到所有的灯都熄灭了也不停留
你会挽着我的衣袖 我会把手揣进裤兜
走到玉林路的尽头 坐在(走过)小酒馆的门口
分别总是在九月 回忆是思念的愁
深秋嫩绿的垂柳 亲吻着我额头
在那座阴雨的小城里 我从未忘记你
成都 带不走的 只有你
和我在成都的街头走一走
直到所有的灯都熄灭了也不停留
你会挽着我的衣袖 我会把手揣进裤兜
走到玉林路的尽头 坐在(走过)小酒馆的门口
和我在成都的街头走一走
直到所有的灯都熄灭了也不停留
和我在成都的街头走一走
直到所有的灯都熄灭了也不停留
你会挽着我的衣袖 我会把手揣进裤兜
走到玉林路的尽头 坐在(走过)小酒馆的门口
和我在成都的街头走一走
直到所有的灯都熄灭了也不停留
收起"
傲寒,民谣,"作曲 : 马頔
作词 : 马頔
你不知道我的名字
听我唱着一首永远望眼欲穿的生活
唱得不可得的诚实
和失无所失的爱情
你听碎了所有人间喜剧

你只微笑一言不发
就像五十年后的那次四目相对啊
你蒙上物是人非的眼睛
那是没有离别的风景
忘掉名字吧
我给你一个家

傲寒我们结婚
在稻城冰雪融化的早晨
傲寒我们结婚
在布满星辰斑斓的黄昏
傲寒我们结婚
让没发生过的梦都做完
忘掉那些过错和不被原谅的青春

直到有一天我不再歌唱
只担心你的未来与我无关
如果全世界都对你恶语相加
我就对你说上一世情话
还有我们的故事
自始无终

傲寒我们结婚
在稻城冰雪融化的早晨
傲寒我们结婚
在布满星辰斑斓的黄昏
傲寒我们结婚
让没发生过的梦都做完
忘掉那些过错和不被原谅的青春

哎...
舒傲寒 我们结婚
你来的那天春天也来到
风景刚好
收起"
借我,民谣,"作曲 : 谢知非
作词 : 谢知非/锦屏
编曲/混音：小皮
吉他 : 卢山/小皮
借我十年
借我亡命天涯的勇敢
借我说得出口的旦旦誓言
借我孤绝如初见
借我不惧碾压的鲜活
借我生猛与莽撞不问明天
借我一束光照亮黯淡
借我笑颜灿烂如春天
借我杀死庸碌的情怀
借我纵容的悲怆与哭喊
借我怦然心动如往昔
借我安适的清晨与傍晚
静看光阴荏苒
借我喑哑无言
不管不顾不问不说
也不念
静看光阴荏苒
借我喑哑无言
不管不顾不问不说
也不念
借我十年
借我亡命天涯的勇敢
借我说得出口的旦旦誓言
借我孤绝如初见
借我不惧碾压的鲜活
借我生猛与莽撞不问明天
借我一束光照亮黯淡
借我笑颜灿烂如春天
借我杀死庸碌的情怀
借我纵容的悲怆与哭喊
借我怦然心动如往昔
借我安适的清晨与傍晚
静看光阴荏苒
借我喑哑无言
不管不顾不问不说
也不念
静看光阴荏苒
借我喑哑无言
不管不顾不问不说
也不念

收起"
十二,民谣,"作曲 : 留声
作词 : 辻
你是 九月夏天滚烫的浪
你是 忽而大雨瓢泼的向往
你是 飞越山川河流的大梦一场
你是 整夜白雪茫茫的路旁
你是 南半球的年少风光
你是无言 你是对望
你是 隔着落地窗的翅膀
你是 小城艳阳高照的清香
你是 无力抗拒不停追逐的磁场
你是 傍晚落日余晖的方向
你是我不能拥抱的短暂理想
你是旅途 你是故乡
你是 不愿停下的难忘情长
你是 逃离废墟的路途茫茫
你是 忽明忽暗的不悔时光
你是 一束生命的全力绽放
你是 认真书写的一笔一划
你是 几缕发丝的错误生长
你是解药 你是营养
你是 四海为家的回头牵肠
你是 我独享的遗憾和渴望
你是我不愿醒来的梦啊柔情一场
我的名字 叫难忘
我的名字叫难忘
我的名字啊叫难忘
收起"
吾爱,民谣,"很好听的一首歌曲、献给懂的人吾爱休怪我不够温柔
我没有河流温柔
吾爱休怪我不够坚强
我没有山脉坚强
吾爱休怪我不够深邃
我没有森林深邃
吾爱休怪我不够富足
我没有大地富足
我只有一次短暂的旅程
决不能尽情张望
我有过一个小小的愿望
也许她将随着春潮流趟
吾爱休怪我不够勇敢
我没有飞鸟勇敢
吾爱休怪我不够善良
我没有野马善良
吾爱休怪我不够快乐
我没有清风快乐
吾爱休怪我不够悲伤
我没有荒野悲伤
我只有一次短暂的旅程
决不能尽情张望
我有过一个小小的愿望
也许她将随着春潮流趟
吾爱
休怪我不够狂野
我没有这个世界狂野
吾爱
休怪我不够爱你
我已献出我自己
吾爱
休怪我不够爱你
我已献出我自己
收起"
儿时,民谣,"作曲 : 刘昊霖
作词 : 唐映枫
铁道旁赤脚追晚霞
玻璃珠铁盒英雄卡
玩皮筋迷藏石桥下
姥姥又纳鞋坐院坝
铁门前篮框银杏花
茅草屋可有住人家
放学路打闹嘻嘻哈
田埂间流水哗啦啦
我们就一天天长大
甜梦中大白兔黏牙
也幻想神仙科学家
白墙上泥渍简笔画
我们就一天天长大
四季过老梧桐发芽
沙堆里有宝藏和塔
长板凳搭起一个家
日子总慢得不像话
叶落满池塘搬新家
二十寸彩电皮沙发
五点半大风车动画
晚饭后纳凉星夜下
萤火虫微风弯月牙
大人聊听不懂的话
鬼怪都躲在床底下
我们就一天天长大
记忆里有雨不停下
蝉鸣中闷完了暑假
新学年又该剪头发
我们就一天天长大
也开始憧憬和变化
曾以为自己多伟大
写了诗不敢递给她
我们就一天天长大
听磁带偶遇榕树下
白衬衫黄昏木吉他
年少不经事的脸颊
呼~呜呼呜~
还以为自己多伟大
写了诗不敢递给她
小小诗不敢递给她
收起"
理想,民谣,"作曲 : 赵雷
作词 : 赵雷
一个人住在这城市
为了填饱肚子就已精疲力尽
还谈什么理想
那是我们的美梦

梦醒后 还是依然奔波在风雨的街头
有时候想哭就把泪 咽进一腔热血的胸口

公车上我睡过了车站
一路上我望着霓虹的北京
我的理想把我丢在这个拥挤的人潮
车窗外已经是一片白雪茫茫

又一个四季在轮回
而我一无所获的坐在街头
只有理想在支撑着那些麻木的血肉

理想今年你几岁
你总是诱惑着年轻的朋友
你总是谢了又开 给我惊喜
又让我沉入失望的生活里

公车上我睡过了车站
一路上我望着霓虹的北京
我的理想把我丢在这个拥挤的人潮
车窗外已经是一片白雪茫茫

又一个四季在轮回
而我一无所获的坐在街头
只有理想在支撑着那些麻木的血肉

理想今年你几岁
你总是诱惑着年轻的朋友
你总是谢了又开 给我惊喜
又让我沉入失望的生活里

又一个年代在变换
我已不是无悔的那个青年
青春被时光抛弃
已是当父亲的年纪

理想永远都年轻
你让我倔强地反抗着命运
你让我变得苍白
却依然天真的相信花儿会再次的盛开

阳光之中 到处可见奔忙的人们
被拥挤着 被一晃而飞的光阴忽略过
收起"
妄为,民谣,"作曲 : 谢春花
作词 : 谢春花
编曲：小皮
吉他：卢山

拿绸缎来填充无尽虚空
肆意去挥霍着不痒不痛
私心期盼你的情有独钟
皮囊下却没能与众不同
把昨天怪罪给错摆的钟
反复推敲你句意有几种
稠密的心思没几人能懂
到头来怕只把自己感动
白天的肆意换夜的撕心裂肺
胡来和妄为背后是冰冷卑微
别看我疯言乱语笑声有多美
转过头不愿你见我落几行泪
其实不在意过得光鲜或狼狈
把时间和一切忘却也都无所谓
流言和蜚语都是脚下的洪水
你点头的回应是我唯一的安慰
把昨天怪罪给错摆的钟
反复推敲你句意有几种
稠密的心思没几人能懂
到头来怕只把自己感动
白天的肆意换夜的撕心裂肺
胡来和妄为背后是冰冷卑微
别看我疯言乱语笑声有多美
转过头不愿你见我落几行泪
其实不在意过得光鲜或狼狈
把时间和一切忘却也都无所谓
流言和蜚语都是脚下的洪水
你点头的回应是我唯一的安慰
收起"
迷藏,民谣,"作曲 : 刘昊霖
作词 : 唐映枫

脏兮兮
数数五三二一
咳喇鼻涕
眯眯眼闭息
个烂芭比
说它喜欢你
野花丛里
丢了半只臂
来
来抓我呀来
哭哭啼啼
又笑嘻嘻
来
来抓我呀来
哭哭啼啼
又笑嘻嘻


没出息
数数五三二一
秘密有趣
喂野狗和鸡
个小垃圾
偷瞄耍赖皮
挂去树梢
关进灰墙壁
来
来抓我呀来
哭哭啼啼
又笑嘻嘻
来
来抓我呀来
哭哭啼啼
又笑嘻嘻
……
来
来抓我呀来
哭哭啼啼
又笑嘻嘻
……
来
来抓我呀来
哭哭啼啼
又笑嘻嘻
……
哭哭啼啼
又笑嘻嘻
……
哭哭啼啼
又笑嘻嘻

收起"
走马,民谣,"走马
窗外雨都停了
屋里灯还黑着
数着你的冷漠
把玩着寂寞
电话还没拨已经口渴
为你熬的夜都冷了
数的羊都跑了
一个两个
嘲笑我
笑我耳朵失灵的
笑我放你走了走了走了
走了
路人穿街过河
好景只有片刻
森林都会凋落
风吹走云朵
你留给我的迷离扑朔
岁月风干我的执着
我还是把回忆紧握
太多都散落
散落太多好难过
难过时你走了走了走了
走了
过了很久终于我愿抬头看
你就在对岸走得好慢
任由我独自在假寐与现实之间两难
过了很久终于我愿抬头看
你就在对岸等我勇敢
你还是我的我的我的
你看
浪漫无处消磨
无聊伴着生活
空荡荡的自我
莫名地焦灼
世界孤立我
任它奚落
我只保持我的沉默
明白什么才是好的坏的
都散了
散了太多无关的
散了后我醒了醒了醒了
醒了
过了很久终于我愿抬头看
你就在对岸走得好慢
任由我独自在假寐与现实之间两难
过了很久终于我愿抬头看
你就在对岸等我勇敢
你还是我的我的我的
你看
过了很久终于我愿抬头看
你就在对岸走得好慢
任由我独自在假寐与现实之间两难
过了很久终于我愿抬头看
你就在对岸等我勇敢
你还是我的我的我的
你看
浪漫无处消磨
无聊伴着生活
空荡荡的自我
莫名地焦灼
世界孤立我
任它奚落
我只保持我的沉默
明白什么才是好的坏的
都散了
散了太多无关的
散了后我醒了醒了醒了
醒了
收起"
鸽子,民谣,"作曲 : 宋冬野
作词 : 宋冬野
迷路的鸽子啊
我在双手合十的晚上渴望一双翅膀
飞去南方
南方
尽管再也看不到无名山的高
遥远的鸽子啊
匆匆忙忙的飞翔只是为了回家
明天太远
今天太短
伪善的人来了又走只顾吃穿
昨天我数到第二十五颗星星
在北京第二十五个秋天的夜晚
收得下过去 也给得了未来
他们在别有用心的生活里 翩翩舞蹈
你在我后半生的城市里 长生不老
鸽子啊
你再也不需要翅膀

明天冰雪封山的时候我也光着双脚
站在你翻山越岭的尽头 正当年少
两千个秘密
没人知道
请你在春天到来的时候轻轻歌唱
唱一首关于冬天的歌谣
漫漫长长
鸽子啊
我在你温暖的路上

收起"
余香,民谣,"作曲 : 张小九
作词 : 卡夫
划一根火柴 将慵倦的夜点亮
吐出一缕烟 飘向半掩的窗
你纵身跃入酒杯 梦从此溺亡
心门上一把锁 钥匙在你手上
快将尘埃掸落 别将你眼眸弄脏
或许吧 谈笑中你早已淡忘
而我在颠沛中 已饱经一脸沧桑
思念 需要时间 慢慢 调养
往日记起来 暂能 慰籍心肠
详尽来回首 才忽 觉是荒唐
别惦岸边垂的杨 你白色衣裳
只是发间的雨 想来仍留余香
快将尘埃掸落 别将你眼眸弄脏
或许吧 谈笑中你早已淡忘
而我在颠沛中 已饱经一脸沧桑
思念 需要时间 慢慢 调养
快将尘埃掸落 别将你眼眸弄脏
或许吧 谈笑中你早已淡忘
而我在颠沛中 已饱经一脸沧桑
思念 需要时间 慢慢 调养
思念 需要时间 慢慢 调养
收起"
米店,民谣,"三月的烟雨飘摇的南方
你坐在你空空的米店
你一手拿着苹果一手拿着命运
寻找你自己的香
窗外的人们匆匆忙忙
把眼光丢在潮湿的路上
你的舞步划过空空的房间
时光就变成了烟
爱人，你可感到明天已经来临
码头上停着我们的船
我会洗干净头发爬上桅杆
撑起我们葡萄枝嫩叶般的家
三月的烟雨飘摇的南方
你坐在你空空的米店
你一手拿着苹果一手拿着命运
寻找你自己的香
窗外的人们匆匆忙忙
把眼光丢在潮湿的路上
你的舞步划过空空的房间
时光就变成了烟
爱人，你可感到明天已经来临
码头上停着我们的船
我会洗干净头发爬上桅杆
撑起我们葡萄枝嫩叶般的家
收起"
玫瑰,民谣,"作曲 : 贰佰
作词 : 贰佰
你说你想在海边买一所房子
和你可爱的松狮一起住在那里
你会当一个心情杂货铺的老板娘
随着心情卖着自己喜欢的东西
生活越来越压抑
你变得越来越不像自己
一个人站在悲催的风里
玫瑰你在哪里
你说你爱过的人都已经离去
不要欺骗自己
你只是隐藏得比较深而已
玫瑰你在哪里
你总是喜欢抓不住的东西
请你不要哭泣
我们都只剩下一堆用青春编制成的回忆
转眼两年时间已过去
该忘记的你有没有忘记
你说你最近爱上了旅行
我知道你也只是想逃避
逃避现实和过去
逃避一个最不真实的你
一个人的路上只是在找寻
玫瑰你在哪里
你说你爱过的人都已经离去
不要欺骗自己
你只是隐藏得比较深而已
玫瑰你在哪里
你总是喜欢抓不住的东西
请你不要哭泣
我们都只剩下一堆用青春编制成的回忆
用青春编制成的回忆
用青春编制成的回忆
用青春
收起"
车窗,民谣,"作曲 : 陈洁修
作词 : 陈洁修
三月的一天 我决定要离开这里
带着一块橡皮 擦去沿途所有的记忆
拥挤的人群 无所谓要去向哪里
列车哼着单调的哀鸣 慢慢向我在靠近
车窗里的人 都有别人的倒影
你和他在车窗玻璃中 重叠在一起
你紧闭的眼睛 看不到喋喋不休的自己
他身体里的人 已在上一站离开了这里
你看到吗 从未出现的风景
你看到吗 飞驰而过的曾经
你看到吗 无法摆脱的自己
在这从不开启的车窗里
在这沿路明灭的灯火里
在这永不回头的车厢里
在你的眼睛里 藏着另外一个我
右边总是正确的 可我偏要向左
我在这列车厢里 等着一切被错过
然后拼命去挽回 带着痛苦与折磨
请你忘了吧 从未出现的风景
你忘了吧 飞驰而过的曾经
你忘了吧 无法摆脱的自己
就这样随着列车 前进吧
就这样什么也不做 也前进着
在这永不回头的车厢里
你看到吗 请你忘了吧
你看到吗 请你忘了吧
你看到吗 你忘了吧
就这样随着列车 前进吧
就这样什么也不做 也前进着
在这 永不开启的车窗里

收起"
淤青,民谣,"作曲 : 刘昊霖
作词 : 唐映枫
我见过太多善变的风景
差不多绝美或冷清
也去过云上最深的山岭
听见流星燃烧夜空的声音
后来我不敢太任性
并学会诚实地聆听
想捕捉每个天真的背影
关进我成年的梦境
在夜深时写封信
用最难言喻的句型
寄给孤独的黎明
你看窗外的路灯好安静
我就是现在才决定
以最决然又陌生的心情
奔赴这世上最辗转的旅行
想遇见更好的事情
偏偏在你沉默这一秒
就绮丽而温馨
捡起时光散漫的脚印
想起一出好旧好旧的电影
谁陪我看过 却无言证明
竭力去拥有之后
只剩过火的淤青
收起"
相守,民谣,"作曲 : 栗先达
作词 : 栗先达
制作人：孙鹏
出品人：陈鸿宇
编曲：刘大明 孙鹏
吉他：孙鹏
钢琴/鼓/贝斯：刘大明
录音/混音/母带制作：张金鑫
封面设计：柒夜迷走
微风过 树微动
叶叶只为花相守
愿只求 胭脂留
有你在左我在右
说太多 没有用
有缘会 长相守
又何必 强人留
为了红颜独消瘦
天空总有云卷云舒偶有彩虹
万种愁皆是执念在心头
雨过后忆又暖感受
在夜深人静变成了温柔
暗香游 夜色稠
星月相依长相守
韶华间 弄轻袖
鸳鸯和仙都没有
尚年幼 不懂愁
恐怕要悟留白头
岁月里 万物久
唯有不懂是罢休
我们隔着月的娇羞星的河流
看不透过去现在和以后
阴晴圆缺有始有终
别皱了眉头丢掉了所有
风吹过更迭了四季
黑夜里我多想牵着你
日子老旧若能重头
再饮一碗酒 敬不安的所有
在故事的最后尽头 有我陪着你
直到永久
收起"
途中,民谣,"作曲 : 陈鸿宇
作词 : 唐映枫
吉他：孙鹏
编曲：赵鑫/马雨阳
混音：马雨阳
夕沉下
的飞鸟
影子多细长
夜宿在
某山口
雾气湿衣裳
挎壶酒
给荒野
饮酌那秋黄
不吁然
不吟唱
只拾掇行囊
趟出这片枯寂就趟过生长
遇见风起水浪就遇过虚妄
忍住顷刻回望就忍过恓惶
一如年少模样
日升抑或潮涨
痛彻抑或善忘
你要去的地方
四野细雨春芒
太轻太急恓惶
听街声
闻世况
或走俗寻常
经戈壁
过断桥
塌落泥土香
递根烟
给路客
解乏这星光
茧磨在
鞋跟上
无所谓远方
趟出这片枯寂就趟过生长
遇见风起水浪就遇过虚妄
忍住顷刻回望就忍过恓惶
一如年少模样
苦旅抑或迷香
欢喜抑或坠亡
你要去的地方
遗情处有诗章
更行更远还唱
沿途避走齐脖的深草
和滚落衰亡的陡坡
给蹭过车的老司机递烟解乏
不惦记竹筒盛雨露的事儿
你要爱荒野上的风声
胜过爱贫穷和思考
暮冬时烤雪迟夏写长信
早春不过一棵树
收起"
家乡,民谣,"作曲 : 赵雷
作词 : 赵雷
我的家乡 越来越年轻
就像一件俗气的衣裳
越来越老的不止 爸爸的脸庞
擦干那扇
蒙着雾的车窗
我清晰的望到陌生的家乡
流失的岁月被冲抹
一切都变了
推开那扇锁了很久的门
房子里已无等待的人
我就像是从远方来
路过这里的客人
高傲的大楼遮住了阳光
踩着一面一面沉睡的墙
沉睡的墙里
曾经住着一家可爱的脸庞
彩色的容易腻嚼不出味道
回忆的黑白停留在年少
像那些过时却经典的老故事片
又一次看到 那座时钟
我就知道自己快到家了
大风卷走叶子 把灵魂丢给春天
这是我最终要归回的家乡
即使有再多践踏你的车辆
我想永远守着你我的家乡
却不知明天的船舶停靠在何方
最终我会回来安静的陪在你的身旁
那片土下将成为我永久不弃的地方
你是我最终要归回的家乡
即使有再多践踏你的车辆
我想永远守着你 我的家乡
却不知明天的船舶停靠在何方
最终我会回来安静的陪在你的身旁
那片土下将成为我永久不弃的地方
不弃的地方
收起"
北方,民谣,"作曲 : 倪健
作词 : 倪健
当你变的模糊不已
清晨是否已来临
薄雾渐渐散落一地
你也随之而去
这一别再也没有归期
前半生已经过去
细数口袋里的青春
寥寥无几
没人知道我的名字
也不会有人提起
而我最后变成了那
孤独的蚂蚁
厌倦了北平的生活
却又不知去哪里
突然看到鸿雁
飞向南方
一朵野花 随风摆荡
我撑着船儿逃离了故乡
随手撕碎了往事
还有你送的谎
一直到我来到远方
孤独的海洋
打碎了所有的船
不曾想过回到伤心的北方
也许已经过去
也许还没有来临
挥之不去的是已经
丢失的美丽
我愿做一只孤鸟
缓缓的飞向天堂
穿过你的城市
去向南方
一朵野花 随风摆荡
我撑着船儿逃离了故乡
随手撕碎了往事
还有你送的谎
一直到我来到远方
孤独的海洋
打碎了所有的船
不曾想过回到伤心的北方
一朵野花 随风摆荡
我撑着船儿逃离了故乡
随手撕碎了往事
还有你送的谎
一直到我来到远方
孤独的海洋
打碎了所有的船
不曾想过回到伤心的北方
打碎了所有的船
不曾想过回到伤心的北方
收起"
小桥,民谣,"作曲 : 暗杠
作词 : 小陈
编曲：小猛/费华为
录音：喻岱/郭晓瑞
混音母带：白志森
和声编配：暗杠
制作人：暗杠
小桥 她站在小溪上
小溪 她缠在小村旁
小村 她是个美脸蛋的姑娘
哦 姑娘她的小手儿撑在小桥上
小桥 她站在小溪上
小溪 她缠在小村旁
小村 她是个美脸蛋的姑娘
哦 姑娘她的小手儿撑在小桥上
然后她说
枯藤老树伴昏鸦
小桥流水无人家
荒草埋过小石板路
春园逃出一支桃花
谁在树下睡着咯
轻风偷走了他的酒
小桥还是呆呆的
听着小溪哗啦啦
小桥 她站在小溪上
小溪 她缠在小村旁
小村 她是个美脸蛋的姑娘
哦 姑娘她的小手儿撑在小桥上
然后她说
枯藤老树伴昏鸦
小桥流水无人家
荒草埋过小石板路
春园逃出一支桃花
谁在树下睡着咯
轻风偷走了他的酒
小桥还是呆呆的
听着小溪哗啦啦
然后她说
枯藤老树伴昏鸦
小桥流水无人家
荒草埋过小石板路
春园逃出一支桃花
谁在树下睡着咯
轻风偷走了他的酒
小桥还是呆呆的
听着小溪哗啦啦
小桥还是呆呆的
听着小溪哗啦啦
收起"
陀螺,民谣,"作曲 : 万晓利
作词 : 万晓利
在田野上转
在清风里转
在飘着香的鲜花上转
在沉默里转
在孤独里转
在结着冰的湖面上转
在欢笑里转
在泪水里转
在燃烧着的生命里转
在洁白里转
在血红里转
在你已衰老的容颜里转
如果我可以停下来
我想把眼睛睁开
看着你怎么离开
可是我不能停下来
也无法为你喝彩
请你把双手松开
在酒杯里转
在噩梦里转
在不可告人的阴谋里转
在欲望里转
在挣扎里转
在东窗事发的麻木里转
在阳光灿烂的一天
你用手捂着你的脸
对我说你很疲倦
你扔下手中的道具
开始咒骂这场游戏
说你一直想放弃
但不能停止转
转转转转
高高地举起你的鞭
转转转转
转转转转
轻轻地闭上我的眼
收起"
大雁,民谣,"作曲 : 文雀乐队
作词 : 马頔
编曲：马頔&OKK乐队
录音/混音：好听音乐
栖客万重山摇地动 游者千呼唤难与共
归途万里生死相依 声势浩大孤掌难鸣
未曾涂炭愧对丛林 蝇营狗苟分崩离析
三千世界万象千愁 误上层楼解愁皆稠
朝暮夕春踏冬泥雪 风尘垂泪悲合欢离
风餐露宿思飞揽月 酣醉于世秋夏不容
无奢千古芳传后世 何惧万骨枯罢无塚
不畏天阔谄媚神仙 一人之间山水江湖
一群大雁向南飞 一群大雁往北归
一群大雁向南飞 一群大雁往北归
一群大雁向南飞 一群大雁往北归
一群大雁南北来回 白首不惊风骨不危
朝暮夕春踏冬泥雪 风尘垂泪悲合欢离
风餐露宿思飞揽月 酣醉于世秋夏不容
无奢千古芳传后世 何惧万骨枯罢无塚
不畏天阔谄媚神仙 一人之间山水江湖
一群大雁向南飞 一群大雁往北归
一群大雁向南飞 一群大雁往北归
一群大雁南北来回 白首不惊风骨不危
收起"
鱼书,民谣,"作曲 : 曹秦
作词 : 森林
编曲：袁志鹏 朱增根
少年少年
你我也许久未见
一切可好
日日盼
河岸河岸
近些年甚是想念
一切都好
勿挂念
愿你不悲不喜不自怜
浊酒一杯敬你先
愿你始终有初心模样
不曾变
愿你不卑不亢不自叹
一生热爱不遗憾
愿你余生可随遇而安
步步慢
少年少年
何时何日再相见
时过境迁
莫心酸
河岸河岸
再见也不及所念
一纸荒年
诉挚言
愿你不悲不喜不自怜
浊酒一杯敬你先
愿你始终有初心模样
不曾变
愿你不卑不亢不自叹
一生热爱不遗憾
愿你余生可随遇而安
步步慢
愿你不悲不喜不自怜
浊酒一杯敬你先
愿你始终有初心模样
不曾变
愿你不卑不亢不自叹
一生热爱不遗憾
愿你余生可随遇而安
步步慢

和声：曹秦
吉他：袁志鹏
缩混：游翔竹
插画：郭警
出品：众乐纪
收起"
逝年,民谣,"作词：刁云逸
作曲：夏小虎
风里飘雪的花
在记忆之中发芽
那些红色绿色
我们的青春年华
志向无限远大
转眼已各奔天涯
独自走在街上
只看见曾经的晚霞
时间似流水
催促我们长大
年轻的心有了白发
当初的人呐
你们如今在哪
是否也在寻找梦的家
风里飘雪的花
在记忆之中发芽
那些红色绿色
我们的青春年华
志向无限远大
转眼已各奔天涯
独自走在街上
只看见曾经的晚霞
时间似流水
催促我们长大
年轻的心有了白发
当初的人呐
你们如今在哪
是否也在寻找梦的家
时间似流水
催促我们长大
年轻的心有了白发
当初的人呐
你们如今在哪
是否也在寻找梦的家
收起"
定西,民谣,"作曲 : 李志
作词 : 李志

这么多年你一个人一直在走
方向和天气的节奏会让你忧愁
你说你遇见了一大堆奇怪的人
他们看上去好像都比你开心

你能不能抽空替我去一个地方
据说那的人都擅长给别人答案
如果你想知道关于它的其他事情
我也不会给你刘堃的电话号码

多想和你一样臭不要脸
墨镜和表情都挂在脸上
穿什么吃什么玩什么都可以
今天爱他明天恨他也可以


这么多年我一个人一直在走
走过了人性的背后和白云苍狗
总以为答案会出现在下一个车站
随后的事情我不说你也能明白

悲伤是奢侈品我消受不起
快乐像噩梦总让人惊醒
你要哭吧就哭吧就随意吧
反正我早已习惯不去相信

悲伤是奢侈品我消受不起
快乐像噩梦一转眼惊醒
你要走吧就走吧就随意吧
反正我早已决定不再回去

收起"
如你,民谣,"作曲 : 曹秦
作词 : 森林
初雨如你 娇嗔如你 风与我讲你
梦如你 魅如你 宿命如你
夏沫如你 花葭如你 扬言不负你
靡如你 笑如你 暖阳如你
木棉花绽放时如你
细品杯中清茶如你
色白如你 温如你 清澈如你
吸入肺的烟瘾如你
不施眉黛光晕如你
妃红如你 颦如你 呼吸如你

黎明如你 黑夜如你 千万里寻你
香如你 艳如你 茉莉如你
琴瑟如你 堇年如你 余生全是你
曦如你 魂如你 呢喃如你
木棉花绽放时如你
细品杯中清茶如你
色白如你 温如你 清澈如你
吸入肺的烟瘾如你
不施眉黛光晕如你
妃红如你 颦如你 呼吸如你
空如你 忆如你 深渊如你
醇如你 瞬如你 眷念如你
木棉花绽放时如你
细品杯中清茶如你
色白如你 温如你 清澈如你
吸入肺的烟瘾如你
不施眉黛光晕如你
妃红如你 颦如你 呼吸如你
收起"
浮生,民谣,"作曲 : 徐海俏
作词 : 袁航
不如做一只泅渡红尘的飞鸟
假如当一扇门任过往人推敲
院前柳梢不及你 幽怨时的眉梢
那诵读经纶是我 被误解的曲调

甘愿是条鱼游历澎湃时江潮
纵然是月影可退避天边拂晓
若冬霜雪雨来到 化你御寒的袄
却无奈缘字蹊跷 由我身负寂寥

仿佛轮回里我曾寻找 烟海中我曾飘摇
踏过无尽千山长路知多少

是否参禅人未曾言笑 望世人看破尘嚣
我甘心困你掌心无处可逃
无处落脚

莫非花要等结果才长出歌谣
难道爱不如佛偈般为人称道
前世跋涉过泥沼 为你开得料峭
你随来往的人潮 认不得我也好

仿佛轮回里我曾寻找 烟海中我曾飘摇
踏过无尽千山长路知多少

是否参禅人未曾言笑 望世人看破尘嚣
我甘心困你掌心无处可逃

往事 不在鱼缸中寻找 却在幻境里煎熬
当我是秉烛的灯芯早灭掉
任凭人间都走过一遭 凡人都注定苍老
才怪错春风偏爱一花一草
一花一草
收起"
如斯,民谣,"作曲 : 球子
作词 : 周骏/球子
编曲 : 丢火车乐队

下午三点半
阳光才照进房间
抽一支烟吃顿早餐
垃圾还没扔
躺在床上不想动
还没开始
就结束了一天
偶然间发现
失掉了所有感觉
也许成长
只是个谎言
走出很远
才发现绕了一个圈
丢失和得到的
只有时间

琴瑟果腹
不知疾苦
逝如斯夫
问君何度
琴瑟果腹
不知疾苦
逝如斯夫
问君何度

凌晨三点半
睡意全无的夜晚
舍不得点燃
最后一支烟
不愿想起的事
不住在脑中盘旋
离开的人呐
再没有归来的一天

转眼如隔世
已是很多年
前路遥无可期
后路渐远
看那物是人非
已时过境迁
任世界改变
无法熄灭
熄灭
转眼如隔世
已是很多年
前路遥无可期
后路渐远
看那物是人非
已时过境迁
任世界改变
无法熄灭
熄灭

收起"
美人,民谣,"作曲 : 小安
作词 : 小安
对你的爱让我变得单纯
你看我的心越来越真
雨后窗外羞涩的花蕾
像你那样迷人
公园小路漫步的清晨
优雅跳舞温暖黄昏
河边树下玩耍的孩子
像你那么天真
不要问是谁辜负了我们的青春
我对你的爱比海还深
在无尽黑夜刺痛我的灵魂
是你 轻轻一吻
是你 我的美人
对你的爱让我变得单纯
你看我的心越来越真
雨后窗外羞涩的花蕾
像你那样迷人
公园小路漫步的清晨
优雅跳舞温暖黄昏
河边树下玩耍的孩子
像你那么天真
不要问是谁辜负了我们的青春
我对你的爱比海还深
在无尽黑夜刺痛我的灵魂
是你 轻轻一吻
是你 我的美人
收起"
梦乡,民谣,"作曲 : 李东勇
作词 : 唐钰杰
制作人:时剑波
编曲:时剑波/刘博雍
吉他:时剑波
贝斯:崔鸿飞
鼓:魏星
小提琴:吴旋
和音:张怡然
混音:杜晓凡
录音棚:玩主录音棚(南京)/希尔伯特音乐工作室(南京)

月渐满
是谁小巷四顾张望
月牙缺
谁在高楼寒风凌冽
街灯暗
离乡的游子身处何方
汽笛响
回头已望不见家乡
他的眉头还紧锁吗
电话接通不说话
她还在树下散步吗
入春又该长新芽
夜漫长
无处忆过往模糊脸庞
远走他乡寻梦想
梦想却寻不回家乡

暮色淡
谁家忙碌生火做饭
霞光浅
谁的梦中飘进炊烟
四季换
飘摇的树叶安于土壤
春光暖
抬头前方那是家乡

他的愁容舒展了吧
看书却带上眼镜了
我陪她走过那树下
树影遮不住白发
岁月转
不变的土地沉默守望
undefined
收起"
暗河,民谣,"暗河/2014.11.03
冯佳界

献给雷米老师笔下的《心理罪》
系列小说主角，人民警察方木。

窗前华灯千盏
天空倒挂群岚
你却紧闭双眼
听它无语流淌着
河流不见天日
是谁蛰伏水下
等待罪恶泛滥
淹没这样的夜晚

你曾是个沉默的年轻人
也曾向往平静的生活
可你头顶总像有朵乌云
如影随形总无法躲闪
这条道路是命运的赠礼
还是你内心的指引呢
永远永远在黑暗中游走
只为了不熄灭那盏灯

每一个平凡的日落日升
都是死亡与生命的交替
绝望或希望的延续
过去和未来的传奇

每一个平凡的日落日升
每一个平凡的日落日升

暗河-冯佳界
专辑：耳廓音乐大巴士（第一站）
词/曲:冯佳界/张玄/李施
编曲：冯佳界/张亦弛

惨遭命运玩弄的可怜人
也曾让你流下过泪水
你还看过禽兽们的灵魂
巧言令色乞求着怜悯
他们颤抖在地狱的门口
你没有一丝的想挽留
为了那些曾灿烂的面孔
和那些最后的呼喊声

每一个平凡的日落日升
都是死亡与生命的交替
绝望或希望的延续
过去和未来的传奇

每一颗子弹都飞进回忆
没有旗帜会飘荡在夜空
每一个平凡的日落日升
啦啦啦啦啦啦啦

每一个平凡的日落日升
每一个平凡的日落日升

暗河-冯佳界
词/曲:冯佳界/张玄/李施
编曲：冯佳界/张亦弛

收起"
等诗,民谣,"作曲 : 程佳乐
作词 : 黄向容
相遇是场再重逢
梦里梦外时空
好久不见还怀念
思念却惹人厌
路途遥远在何方
回首空荡荡
作词 黄向容
作曲编曲演唱 程佳乐
在身旁吗身旁吗
是幻像惆怅
那前行吧
就孤单去远方
要去远方去远方
别戳穿时光
那等诗吧
让聚散别离
独白
离别无声在蔓延
口里心里再见
欲言又止是起始
改变竟无言
道路漫漫勿凝望
转身心慌乱
在思念吗思念吗
是梦境脚印
那徘徊吧
就聆听无言语
想在路上在路上
去彼岸遗憾
那闭眼吧
远去的少年
别追
在身旁吗身旁吗
是幻像惆怅
那前行吧
就孤单去远方
想在路上在路上
去彼岸遗憾
那闭眼吧
远去的少年
别追
收起"
行歌,民谣,"作曲 : 陈鸿宇
作词 : 陈鸿宇/唐映枫/李滕欢
制作人：吴涛
编曲：吴涛 陈鸿宇
吉他：陈涛
贝斯：张君声
鼓：盛雄轩
大提琴：吕昕阳 杨长缨
合声编写：陈晓磊
合声：陈鸿宇
录音：王海琛
缩混：吴涛
插画：孙十七

成长是一场冒险
迷途的人先上路
年少时处处风景
不想回头

成长是一场游戏
勇敢的人先开始
跌撞再慌张前行
不说回头

行歌，在草长莺飞的季节里喃喃低唱
走过人潮汹涌忽然止步
怎么，热烈时一步倦怠一步回望阑珊处
从前轻狂绕过时光

成长是一场失去
肩负枉然的意义
无论你懂得与否
不能回头

从哪来要往哪去
曾听爱的人说起
就此匆忙的错过
不必回头

行歌，在恍然半生的好景里不再多想
走过平淡日常忽然止步
怎么，伶仃时一步漠然一步回首梦尽处
从前轻狂绕过时光

行歌，谁在一边走一边唱一边回头张望
有些苦涩始终都要去尝
怎么，这些年不会失望也不太提及过往
从前轻狂绕过时光
让我们彼此分享互相陪伴吧
一起面对人生这一刻的孤独吧

从前轻狂绕过时光
收起"
热勇,民谣,"作词：栗先达
作曲：栗先达
制作人：孙鹏
编曲：刘大明 孙鹏
吉他：孙鹏
钢琴/鼓/贝斯：刘大明
录音/混音：张金鑫
合声编写/母带制作：马雨阳
美术封面：陈贤
追 一个小太阳
流的汗淌一路光芒
炽热的心脏 烁烁发烫
手掌心涌满力量
路 荆棘又漫长
愿我们一如既往坚强
风再大又能怎样
最美的梦就在前方
热勇一腔 提胆夜行的敢往
逆风飞翔的翅膀
哪怕曾受过伤
不矜不伐 永不言弃的信仰
似有若无的坦荡
就够我们成长
可予流浪 寄半分渴望
不敢拼命去闯
就不能被原谅
踏破千山 纵然将鞋磨穿
迎日落再登攀
梦 你可曾有淡忘
儿时呼天喊地向往
此时的庸忙 诺诺慌张
可否已成你的日常
热勇一腔 夸父追日般向往
狂风吹断的帆樯
作船桨再启航
不矜不伐 永不言弃的信仰
似有若无的坦荡
就够我们成长
可予流浪 寄半分渴望
不敢拼命去闯 就不能被原谅
横无涯岸 孤舟荡尽波澜
再日出又扬帆
热勇一腔 提胆夜行的敢往
逆风飞翔的翅膀
哪怕曾受过伤
不矜不伐 永不言弃的信仰
似有若无的坦荡
就够我们成长
可予流浪 寄半分渴望
不敢拼命去闯
就不能被原谅
踏破千山 纵然将鞋磨穿
迎日落再登攀
热勇一腔
若向往 我敢往
收起"
我们,民谣,"作曲 : 齐一
作词 : 齐一
如果我是悲伤的
你怎会遇见我
如果你是快乐的
又怎会有如果
爱情若是完美的
又怎会有曲折
城市若是喧闹的
你怎会想起我
懒洋洋的午后
阳光温暖着我
五月的清风掠过面容
站在老树旁
想起那首歌
是你留给我的软弱
你说你还会想起我
你说我们如此脆弱
我们一路坎坎坷坷走过那么多
如今还留下了什么
间奏
如果你不曾来过
我为何要沉默
如果我不曾爱过
又怎会有寂寞
离别若是残忍的
为何还要不舍
爱恨两难情难舍
换来一句
老朋友没的说
你说你还会想起我
你说我们如此脆弱
我们一路坎坎坷走过那么多
如今还留下了什么
你说你还会想起我
你说我们如此脆弱
我们一路坎坎坷坷走过那么多
如今还留下了什么
突然一天遇见你
我们擦肩而过
时间瞬间凝结了
像从没发生过
收起"
无终,民谣,"作曲 : 谢知非
作词 : 谢知非
编曲：小皮
往事成空
皆散于晨雾中
迷失在竹林中
铁桥边的女子
不动
吹肆意的冷风
携凛冽的刺痛
带假意的温柔
不懂
看街边的梧桐
枝干的裂缝
树根的空洞
无踪
潮落潮涨 惹惆怅
念别妄想 解捆绑
哀往笑藏 心还滚烫
不速之客 已来访
对风叫嚷 也无妨
对水歌唱 人自赏
胜握在掌 神魂摇荡
故事几章 梦一场

看街边的梧桐
枝干的裂缝
树根的空洞
无踪
潮落潮涨 惹惆怅
念别妄想 解捆绑
哀往笑藏 心还滚烫
不速之客 已来访
对风叫嚷 也无妨
对水歌唱 人自赏
胜握在掌 神魂摇荡
故事几章 梦一场

往事成空
皆散于晨雾中

收起"
旧词,民谣,"作曲 : 愚青
作词 : 乌糟兽
作词：乌糟兽
作曲：愚青
编曲：愚青
吉他：愚青
间奏吉他&录音制作：周成

温一壶风尘的酒
独饮往事迢迢
举杯轻思量
泪如潮 青丝留他方
点一盏凉薄的雾
漫看去路遥遥
离人便易醉
韶华负 今宵归何处
浮生有梦三千场
穷尽千里诗酒荒
徒把理想倾倒
不如早还乡
浮生有梦三千场
穷尽千里诗酒荒
徒把理想倾倒
不如早还乡
浮生有梦三千场
穷尽千里诗酒荒
徒把理想倾倒
不如早还乡
温一壶风尘的酒
独饮往事迢迢
举杯轻思量
泪如潮 青丝留他方
收起"
失眠,民谣,"作曲 : 张力夫
作词 : 张力夫
混音/编曲/吉他：廉明
谁踩着我的窗 摇晃
轻敲入我梦乡 游荡
洁白的月光 映在天上
孤单闪着人 心慌
我乘着谁的歌 遗忘
旋律该怎么唱 忧伤
洁白的月光 映在天上
一盏灯的夜 漫长
失眠的夜有谁在心伤
雨点轻轻碎碎敲打玻璃窗
只是一场离别
怎才能忍住不说再见
失眠的夜有谁在心上
心事三三两两不安左心房
这雨夜太漫长
失眠的我 在谁梦里 歌唱

收起"
与光,民谣,"作曲 : 蔡青年
作词 : 乌糟兽
编曲：苏喜多
吉他：周成
录音制作：周成

你的双眼是我暗夜里的灯火
那望穿浮世的眸
在梦里在雾里
在低语中
盈盈的眼波流淌成河
月色浸润着残云
你怨它惊扰了梦境
何故在须臾里叹息
倦鸟归山林
你的身影倏忽在暗里的远山
迷离的声色难以触及
怅然的燃烧着飘零他方
寥乱的孤寂散尽了
月色浸润着残云
你怨它惊扰了梦境
何故在须臾里叹息
倦鸟归山林
月色浸润着残云
你怨它惊扰了梦境
何故在须臾里叹息
倦鸟归山林
收起"
邂逅,民谣,"在街角路口
对你say hello
你浅浅一笑那么的娇羞
飘逸的长发
纤纤的玉手
还有你那清澈如水的双眸
你已悄悄地
在我心里停留
我沉醉在你无尽的温柔
你温婉如玉
文静而美丽
你在我的歌声里快乐无忧
偶然邂逅了你最美丽的回眸
你悄悄住进我的心头
最让我着迷的是回眸的娇羞
多想牵你的手陪我一起走
你已悄悄地
在我心里停留
我沉醉在你无尽的温柔
你温婉如玉
文静而美丽
你在我的歌声里快乐无忧
偶然邂逅了你最美丽的回眸
你悄悄住进我的心头
最让我着迷的是回眸的娇羞
多想牵你的手陪我一起走
偶然邂逅了你最美丽的温柔
你悄悄住进我的心头
最让我着迷的是动人的双眸
你是我这一生最美的守候
你是我这一生最美的守候
收起"
晚安,民谣,"晚安 愿长夜无梦 在所有夜晚安眠
晚安 望路途遥远 都有人陪伴身边
想说的话都没有说完 还是会有些遗憾
这一生 有些短
晚安
晚安 在醒来之前 我才会说出再见
晚安 在天亮之后 那事非与你无关
我们离开荒芜的绿洲
回到没有阳光的白昼
你醒了 尽管我
所有的美梦都没做完
你会不会突然地想起我
在某个没有睡意的清醒时刻
想把身上所有枷锁 全部挣脱
只为自己做了选择
你会不会突然地忘记了
就这样等待到底是为了什么
不安的心 渐渐干涸 失去了颜色
再也不会想起我
晚安
晚安 愿长夜无梦 在所有夜晚安眠
晚安 望路途遥远 都有人陪伴身边
我们离开荒芜的绿洲
回到没有阳光的白昼
你醒了 尽管我
所有的美梦都没做完
晚安 晚安
晚安 晚安
晚安 晚安
晚安向沉睡自己告别
你会不会突然地想起我
在某个没有睡意的清醒时刻
想把身上所有枷锁 全部挣脱
只为自己做了选择
你会不会突然地忘记了
就这样等待到底是为了什么
不安的心 渐渐干涸 失去了颜色
再也不会想起我
晚安 愿长夜无梦 在所有夜晚安眠
晚安 望路途遥远 都有人陪伴身边
收起"
秋城,民谣,"作曲 : 球子
作词 : 球子
编曲：球子
混音：王璐瑶

这里是一座繁华的城市

也曾是一个沉睡的摇篮

很多人祈求上天给予他温暖

可到头来还是一样的无奈

大街上有着无数的陌生人

表情麻木的谈论着未来

忙碌的日子 错过了朝霞与晚餐

不知什么时候 又过了一个秋天

我开始有些倦了

不想面对世间的冷眼旁观

静静的等候日落看星辰坠入大海

我开始不再孤单

从此成为了一种习惯

向失去的 错过的 告别

她总说 都要慢慢的习惯

你要经得起这孤舟的考验

如果你已经厌倦生活的纷扰

那就出去看看 河流山川

我开始有些倦了

不想面对世间的冷眼旁观

静静的等候日落
看星辰坠入大海

我开始不再孤单

从此成为了一种习惯

向失去的 错过的 告别

我开始有些忘了

那些注定回首的种种遗憾
九月的天像烟火是否在等待绽开

我开始不再孤单

从此成为了一种习惯
向失去的 错过的 告别
收起"
白鸟,民谣,"作曲 : 刘昊霖
作词 : 刘昊霖
像前方卷曲的云说告别
你像年轻时只为我写信的人
树叶混迹在游动的鱼群
你问我将要随河流漂到哪里去
听 这里没有风
也没有汽笛声
没有匆匆路人
摇晃数年
像前方卷曲的云说告别
你像年轻时曾为我写信的人
原稿纸上的字已变成世事的叹息
折返的故人
何处栖息一程
冬天的白鸟啊
祈祷他 去温暖的地方
那让我挂念的人
再见时会不会陌生
冬天的白鸟啊
祈祷他 去温暖的地方
森林原野的恋人
再相见时会不会陌生
行走的落日下扬起帆的渔船
想象鲸与海兽都翻滚在海浪里
信件中的牛群岩石与土地
山鹰与鸟儿的曲调都令我欣喜
年轻时写的信已是昨日又隔遥远
折返的故人
终须一别
冬天的白鸟啊
可曾在翻山时遗落自己
来时的路变了多少
再见时会不会陌生
冬天的白鸟啊
祈祷他去温暖的地方
愿你与四季无关
不再因失去而不满

冬天的白鸟啊
请将故乡 留在清淡的地方
那不会重来的时光
愿你与长空依然
冬天的白鸟啊
请带我去温暖的地方
青春虽消散于背影
心中仍蔚蓝的天
白鸟飞过掉落的羽毛发亮
澄明的天空下悸动的少年直视太阳

制作人：刘昊霖
编曲：谭侃侃
吉他：谭侃侃 / 刘昊霖
录音师：焦得森 / 谭笑聪
混音师：焦得森
母带后期混音：焦得森
和声编写: 区密 / 刘昊霖
合唱：刘昊霖 / kidult.
视觉：kidult.
收起"
岛歌,民谣,"作曲 : 汤旭
作词 : 汤旭
岛歌 乘着风啊
随飞鸟到海的那一边

岛歌 随风飘吧

把我的眼泪也带走吧
带到你的窗前
来到你的梦里
来到你的身边

然后消失不见

刺桐花开 招风雨来
往复的悲伤如同过岛的海浪

走入林中 和你相遇

又在今夜 与你分离

可是 你去了哪里
哪里都没有你的痕迹
我不知道 我要去哪里
哪里都没有我的空隙

岛歌 乘着风啊

随飞鸟到海的那一边
岛歌 随风飘吧
把我的爱也带走吧
带到你的窗前
来到你的梦里
来到你的身边

然后消失不见

刺桐花落 微波轻徭
渺小的幸福如同易逝的浪花
收起"
自拔,民谣,"自拔 - 夏小虎
词：刁云逸
曲：夏小虎
时间的利爪
撕碎了年华
空留下一道 伤疤
记忆在挣扎
不如忘了吧
只是一场梦 无他
想打个电话
给曾经的他
却发现心中已少了牵挂
痛还未愈合
爱已经结痂
何苦困在其中不肯自拔
完美的脸颊
被岁月谋杀
生活教会我 虚假
梦想的高塔
努力地攀爬
被现实一触 崩塌
想打个电话
给曾经的他
问问他这些年真快乐吗
希望的烛光
让孤独融化
何苦困在其中不肯自拔
时间的利爪
撕碎了年华
空留下一道 伤疤
记忆在挣扎
不如忘了吧
只是一场梦 无他
想打个电话
给曾经的他
却发现心中已少了牵挂
痛还未愈合
爱已经结痂
何苦困在其中不肯自拔

完美的脸颊
被岁月谋杀
生活教会我 虚假
梦想的高塔
努力地攀爬
被现实一触 崩塌
想打个电话
给曾经的他
问问他这些年真快乐吗
希望的烛光
让孤独融化
何苦困在其中不肯自拔

想打个电话
给曾经的他
却发现心中已少了牵挂
痛还未愈合
爱已经结痂
何苦困在其中不肯自拔
想打个电话
给曾经的他
问问他这些年真快乐吗
希望的烛光
让孤独融化
何苦困在其中不肯自拔
何苦困在其中不肯自拔
收起"
立秋,民谣,"作曲 : 高晓松
作词 : 高晓松
你坐在椅子上 看着窗外流过的光
你伸出双手 摸着纸上写下的希望
你说花 开了又落 像是一扇窗
可是窗 开了又关 像爱的模样
你举着一枝花 等着有人带你去流浪
你想睡去在远方 像一个美丽童话
那本书 合了又开飘落下梦想
我们俩 合了又分像一对船桨
总要有些随风 有些入梦
有些长留 在心中
于是有时疯狂 有时迷惘
有时唱

你坐在椅子上 看着窗外流过的光
你伸出双手 摸着纸上写下的希望
你说花 开了又落 像是一扇窗
可是窗 开了又关 像爱的模样
你举着一枝花 等着有人带你去流浪
你想睡去在远方 像一个美丽童话
那本书 合了又开飘落下梦想
我们俩 合了又分像一对船桨
总要有些随风 有些入梦
有些长留 在心中
于是有时疯狂 有时迷惘
有时唱
总要有些随风 有些入梦
有些长留 在心中
于是有时疯狂 有时迷惘
有时唱

总要有些随风 有些入梦
有些长留 在心中
于是有时疯狂 有时迷惘
有时唱
总要有些随风 有些入梦
有些长留 在心中
于是有时疯狂 有时迷惘
有时唱
总要有些随风 有些入梦
有些长留 在心中
于是有时疯狂 有时迷惘
有时唱
总要有些随风 有些入梦
有些长留 在心中
于是有时疯狂 有时迷惘
有时唱
收起"
人生,民谣,"人生 - 夏小虎
词：刁云逸
曲：夏小虎
当夕阳照亮了肩膀
一寸寸缩短着梦想
城市里 闪烁的灯光
哪一盏是为我而亮
命运啊 能否改变慈祥
给我不会坠落的翅膀
在天空 努力的飞翔
沿着从不平坦的方向
当我高举理想的火炬
天空却刚好下起了大雨
当我面对镜中的自己
越来越感到陌生的恐惧
当我立志要改变世界
才发现世界已改变了你
当我不再年少和轻狂
是否还拥有追梦的勇气
这川流不息的人生
就像一首抒情的诗
曾经写下千言万语
最后还是一张白纸
当所有都随风而逝
心中留下一把尺
量一量经过的青春
问一声到底值不值
当夕阳照亮了肩膀
一寸寸缩短着梦想
城市里 闪烁的灯光
哪一盏是为我而亮
命运啊 能否改变慈祥
给我不会坠落的翅膀
在天空 努力的飞翔
沿着从不平坦的方向
当我高举理想的火炬
天空却刚好下起了大雨
当我面对镜中的自己
越来越感到陌生的恐惧
当我立志要改变世界
才发现世界已改变了你
当我不再年少和轻狂
是否还拥有追梦的勇气
这川流不息的人生
就像一首抒情的诗
曾经写下千言万语
最后还是一张白纸
当所有都随风而逝
心中留下一把尺
量一量经过的青春
问一声到底值不值
问一声到底值不值
唔...
收起"
生活,民谣,"还记得我们相识的那天
在一个冬天的早上
你带着一个小小的背包
说装满了梦想
那时你脸上都是 纯净的摸样
还有稚嫩的一丝彷徨
你说这个城市 让你很迷茫
你的眼神充满慌张
于是你开始用力地张望
往春天到来的方向
期待着那里会有双翅膀
带着你飞翔
那时你脸上都是 青春的摸样
还有放肆地一种张扬
你说这个城市 让你很疯狂
你的眼神充满希望
我说生活应该是怎样
命运带着我流浪
总是希望他能够悄悄指引我
明天的方向
你说生活应该是这样
充满激情和力量
那把崭新的吉他每天在你的怀里
动人地歌唱
可时间总是那么的匆忙
等待和无奈很漫长
人们的冷漠现实的苦涩
让你没有了方向
那时你脸上都是 风霜的摸样
装满疲惫的一张脸庞
你说这个城市 让你很恐慌
你的眼神充满失望
终于你开始学会了沉默
习惯在人群中穿梭
岁月里总是有人在歌唱
偶尔还会感伤
没人知道你如今 是什么摸样
麻木或许也是种奢望
我说这个城市 让我很坚强
你的笑容充满想象
你说生活应该是怎样
充满失落和忧伤
那把老去的吉他挂在客厅的墙上
久久无人歌唱
我说生活应该是这样
带着昨天去流浪
然后就睡在明天肩膀紧紧的握住
命运的方向
也许生活应该是这样
充满激情和力量
那把崭新的吉他每天在你的怀里
动人地歌唱
也许生活应该是这样
带着昨天去流浪
然后就睡在明天肩膀紧紧地握住
命运的方向
然后悄悄地告诉自己
生活该怎样
明天该
怎样


收起"
活着,民谣,"每天站在高楼上
看着地上的小蚂蚁
它们的头很大
它们的腿很细

它们拿着苹果手机
它们穿着耐克阿迪
上班就要迟到了
它们很着急

我那可怜的吉普车
很久没爬山也没过河
它在这个城市里
过得很压抑

虽然它什么都没说
但我知道它很难过
我悄悄地许下愿望
带它去蒙古国

慌慌张张 匆匆忙忙
为何生活总是这样
难道说我的理想
就是这样度过一生的时光
不卑不亢 不慌不忙
也许生活应该这样
难道说六十岁以后
再去寻找我想要的自由

一年一年飞逝而去
还是那一点点小积蓄
我喜欢的好多东西
还是买不起

生活总是麻烦不断
到现在我还没习惯
都说钱是王八蛋
可长得真好看

慌慌张张 匆匆忙忙
为何生活总是这样
难道说我的理想
就是这样度过一生的时光
不卑不亢 不慌不忙
也许生活应该这样
难道说六十岁以后
再去寻找我想要的自由
我不想这样活着
我不想这样活着
我不想这样活着
我不想这样活着
我不想这样活着
我不想这样活着
我不想这样活着
我不想这样活着
我不想这样活着
慌慌张张 匆匆忙忙
为何生活总是这样
难道说我的理想
就是这样度过一生的时光
不卑不亢 不慌不忙
也许生活应该这样
难道说六十岁以后
再去寻找我想要的自由

其实我也常对自己说
人要学会知足而常乐
可万事都一笑而过
还有什么意思呢

收起"
热河,民谣,"作曲 : 李志
作词 : 李志

热河路就像
八十年代的金坛县
梧桐垃圾灰尘
和各式各样的杂货店
人们总是早早的离开
拉上卷帘门
在天黑前穿上毛衣
点一根烟
热河路有一家
开了好多年的理发店
不管剪什么样的发型
你只要付五块钱
老板和她的妹妹坐在椅子上
对着镜子一言不发
他们的老家
在身后在岸边在安徽全椒县

没有人在热河路谈恋爱
总有人在天亮时伤感
如果年轻时你没来过热河路
那你现在的生活是不是很幸福


纪念碑旁
有一家破旧的电影院
往北走五百米
就是南京火车西站
每天都有外地人
在直线和曲线之间迷路
气喘嘘嘘眼泪模糊
奔跑跌倒奔跑
秋林龙虾换了新的地方
32路还是穿过挹江门
高架桥拆了修了新的隧道
走来走去走不出我的盐仓桥
来到城市已经八百九十六天
热河路一直是相同的容颜
偶尔有干净的潘西路过
她不会说你好再见

没有人在热河路谈恋爱
总有人在天黑时伤感
如果年轻时你来过热河路
那你现在是不是已经被他们淹没

没有新的衣服能让你爱恋
总有一种天气让我怀念
醒来或者吃饱又是一年
相遇然后分别就在一天

收起"
世界,民谣,"作曲 : 张过年
作词 : 张过年
把云朵献给你
把河流献给你
把晚风献给你
所有光彩只为你
当我唱起往日的歌
我知道
我已醉倒在阳光里
当我唱起往日的歌
我知道
我已醉倒在阳光里
醉倒之后的口风琴
把云朵献给你
把河流献给你
把晚风献给你
所有光彩只为你
当我唱起往日的歌
我知道
我已醉倒在阳光里
当我唱起往日的歌
我知道
我已醉倒在阳光里
收起"
棺木,民谣,"作曲 : 马頔
作词 : 马頔
烟没烧完
森林就着起大火
吞没护林员的新娘
他看着爱人在火中舞蹈
收敛惆怅
施舍悲伤
请原谅拾荒的姑娘
身上干净 漂亮的衣裳
她是为了赶来放牧
整片森林
圈养起忧伤
扭捏的雨打湿了窗棂
混淆着暗红的灯光
坐在冰冷的窗台上抽烟
玻璃上的脸越发黑黄
你说，我们的未来
被装进棺材
染不上尘埃
你说，你没有未来
被年岁掩埋
染不上尘埃
你说，我们的未来
被装进棺材
染不上尘埃
你说，你没有未来
被年岁掩埋
染不上尘埃
你说，我们的未来
被装进棺材
染不上尘埃
你说，你没有未来
被年岁掩埋
染不上尘埃
请原谅拾荒的姑娘
身上干净 漂亮的衣裳
她是为了赶来放牧
整片森林
圈养起忧伤
你飞你飞
天空慢慢变黑
越来越冷
收起"
眼泪,民谣,"天都黑了 你还没有回
我在门外 痴痴的等
想着你曾经给我的美
到现在只剩下回声
花都谢了 往事被风吹
吹醒那些 傻傻的人
既然分手不可以再回
何必再为爱情认真
不能继续珍惜我们的缘分
就让过去的余温渐渐消退
不让你再次看到我留下的泪水
就让它化作无形的伤悲
眼中没有流出一滴眼泪
陪着流星消融在夜雨
多么害怕让你看到我心碎
眼中没有流出一滴眼泪
静静流动不停地来回
再也不为心疼你而感到慈悲
不能继续珍惜我们的缘分
就让过去的余温渐渐消退
不让你再次看到我留下的泪水
就让它化作无形的伤悲
眼中没有流出一滴眼泪
陪着流星消融在夜雨
多么害怕让你看到我心碎
眼中没有流出一滴眼泪
静静流动不停地来回
再也不为心疼你而感到慈悲
收起"
"鼓楼
The Drum Tower",民谣,"作曲 : 赵雷
作词 : 赵雷
编曲：赵雷 / 喜子

贝斯：张岭
鼓：贝贝
电琴：喜子
箱琴：赵雷
口琴：赵雷
MIDI：喜子
和声：赵雷 / 孙嫣然 / 唐宁
我走在鼓楼下面 路在堵着
雨后的阳光洒落 人们都出来了

执着的迷惘的文艺青年很多
如果我无聊了就会来这里坐坐

我是个沉默不语的靠着墙壁晒太阳的过客
如果我有些倦意了 就让我在这里独自醒过
我站在鼓楼上面 一切繁华与我无关
这是个拥挤的地方 而我却很平凡

我走在鼓楼下面 淋湿的咖啡馆
睡不着的后海边 月亮还在抽着烟
喝醉的亲吻着 快活的人不眠
唯有我倚着围栏 对过往说晚安

我是个沉默不语的靠着车窗想念你的乘客
当107路再次经过 时间是带走青春的电车
我站在什剎海边一切甜蜜与我无关
这是个拥挤的地方 而我却很孤单
我在鼓楼 我在鼓楼
我在鼓楼 我在鼓楼
我在鼓楼 我在鼓楼
我在鼓楼
收起"
南山南,民谣,"作曲 : 马頔
作词 : 马頔
你在南方的艳阳里大雪纷飞
我在北方的寒夜里四季如春
如果天黑之前来得及
我要忘了你的眼睛
穷极一生做不完一场梦
他不再和谁谈论相逢的孤岛
因为心里早已荒芜人烟
他的心里再装不下一个家
做一个只对自己说谎的哑巴
他说你任何为人称道的美丽
不及他第一次遇见你
时光苟延残喘无可奈何
如果所有土地连在一起
走上一生只为拥抱你
喝醉了他的梦 晚安
他听见有人唱着古老的歌
唱着今天还在远方发生的
像在她眼睛里看到的孤岛
没有悲伤但也没有花朵
你在南方的艳阳里大雪纷飞
我在北方的寒夜里四季如春
如果天黑之前来得及
我要忘了你的眼睛
穷极一生做不完一场梦
你在南方的艳阳里大雪纷飞
我在北方的寒夜里四季如春
如果天黑之前来得及
我要忘了你的眼睛
穷极一生做不完一场梦
大梦初醒荒唐了一生
南山南 北秋悲
南山有谷堆
南风喃 北海北
北海有墓碑
南山南 北秋悲
南山有谷堆
南风喃 北海北
北海有墓碑
北海有墓碑
收起"
七月上,民谣,"作曲 : Jam
作词 : Jam
我化尘埃飞扬，追寻赤裸逆翔
奔去七月刑场，时间烧灼滚烫
回忆撕毁臆想，路上行走匆忙
难能可贵世上，散播留香磁场
我欲乘风破浪，踏遍黄沙海洋
与其误会一场，也要不负勇往
我愿你是个谎，从未出现南墙
笑是神的伪装，笑是强忍的伤
就让我走向你，走向你的床
就让我看见你，看见你的伤
我想你就站在，站在大漠边疆
我想你就站在，站在七月上

我化尘埃飞扬，追寻赤裸逆翔
奔去七月刑场，时间烧灼滚烫
回忆撕毁臆想，路上行走匆忙
难能可贵世上，散播留香磁场

我欲乘风破浪，踏遍黄沙海洋
与其误会一场，也要不负勇往
我愿你是个谎，从未出现南墙
笑是神的伪装，笑是强忍的伤
就让我走向你，走向你的床
就让我看见你，看见你的伤
我想你就站在，站在大漠边疆
我想你就站在，站在七月上
收起"
俗人言,民谣,"作曲 : 谢春花
作词 : 谢春花
制作人：谢知非（谢春花）
编曲：郑楠
录音：上海时间音乐工作室
制作助理：靳金陵
混音、后期：小皮
和声：谢知非（谢春花）
和声编写：小皮、谢知非（谢春花）
晚风吹过青青湖畔到我耳边
霞光透过层层金边露出一些
酒呀肉呀摇呀晃呀
快活一眨眼
晚风阵阵夏至一去
人儿也不见
月牙儿 对我笑 我欲随风倒
鱼虫儿 将我绕 已画地为牢
言出豪情却又迟疑
插翅也难逃
举杯对影一人成群
是苦是逍遥
醉呀美呀睡呀梦呀
偷得半日闲
吃呀喝呀吞呀咽呀
是福莫言浅
摔呀碎呀丢呀弃呀
来把房瓦掀
苦呀笑呀怒呀乐呀
休与俗人言
月牙儿 对我笑 我欲随风倒
鱼虫儿 将我绕 已画地为牢
言出豪情却又迟疑
插翅也难逃
举杯对影一人成群
是苦是逍遥
醉呀美呀睡呀梦呀
偷得半日闲
吃呀喝呀吞呀咽呀
是福莫言浅
摔呀碎呀丢呀弃呀
来把房瓦掀
苦呀笑呀怒呀乐呀
休与俗人言
痛呀恨呀悔呀惑呀
醉把青丝剪
怜呀爱呀喜呀敬呀
多情难成仙
狂呀躁呀疯呀闹呀
谁奈我几许
抢呀偷呀烧呀砸呀
人心无可填
分呀乱呀离呀断呀
今生莫相见
分呀乱呀离呀断呀
今生莫相欠
收起"
窗外雨,民谣,"作曲 : 张三弥
作词 : 张三弥
制作人：胡皓
配唱制作人：何文锐
编曲：金若晨
和声&和声编写：何文锐
vocal录音：齐文涛@北京光合声动录音室 Studio A
mix&mastering: 齐文涛@北京光合声动录音室Studio A

窗外此刻又下着雨
现在的你
在哪里
我的心恣意张狂着
随风摇晃
没有目的

你张开了翅膀
拥抱着我
小心翼翼
我卸下了伪装
遥不可及也要朝你走去
我曾经
多么单薄孤立
站在自我中心
百毒不侵
却遇见你
毫无征兆的默契
悄无声息降临
你带着光
温暖坚定而忧郁
穿透身体
贪婪汲取
我的神经都给你
我敏感软弱归你
因为是你

窗外又开始下着雨
淹没记忆
浇熄言语
你看两端失了衡天平
消耗冷静
模糊距离
我曾经
无数次想逃离
站在雪峰极地
和你一起
陪你数尽
昼夜有限的寿命
手执百草赠你
你踏着云
不是七彩也美丽
即使身处洪流
逆天地而行
好的坏的都随意
灰飞烟灭也可以
我只要你

窗外雨渐渐停息
沉默却是你我留白的体恤
断断续续 记起那句
“我多想路没有尽头 让我走到你”

收起"
莉莉安,民谣,"她发现孤独的人
准备动身
于是就祷告着黄昏
直到夜里
她转头听见
悲伤的呜咽
一个善良的女子
长发垂肩
她已跟随黄昏
来临
翠绿的衣裳在炉火中
化为灰烬
升起火焰
一直烧到黎明
一直到
那女子推开门离去
她自言自语
在离这很远的地方
有一片海滩
孤独的人他就在海上
撑着船帆
如果你看到他回到海岸
就请你告诉他你的名字
我的名字

她已来临
翠绿的衣裳在炉火中
化为灰烬
升起火焰
一直烧到黎明
一直到
那女子推开门离去
她自言自语
在离这很远的地方
有一片海滩
孤独的人他就在海上
撑着船帆
如果你看到他回到海岸
就请你告诉他你的名字
我的名字
在离这很远的地方
有一片海滩
孤独的人他就在海上
撑着船帆
如果你看到他回到海岸
就请你告诉他你的名字
我的名字
莉莉安
收起"
差三岁,民谣,"作曲 : Jam
作词 : Jam
她和他相差有三岁
一起走过时间的轨
留下的遗憾由谁来配
相拥的承诺变的好无味
有些话还是没能说到嘴
任由内心麻痹后捏碎
从古至今没人做到自由的美
因果殊途陌人归
年幼无知相隔三岁
误以时间长短自随
得失只在一席话儡
流离失所花落人悲
说不爱就是爱
冷漠无情是自害
优柔寡断情难猜
爱在最初是情怀
她和他相差有三岁
一起走过时间的轨
留下的遗憾由谁来配
相拥的承诺变的好无味
有些话还是没能说到嘴
任由内心麻痹后捏碎
从古至今没人做到自由的美
因果殊途陌人归
年幼无知相隔三岁
误以时间长短自随
得失只在一席话儡
流离失所花落人悲
说不爱就是爱
冷漠无情是自害
优柔寡断情难猜
爱在最初是情怀
年幼无知相隔三岁
误以时间长短自随
得失只在一席话儡
流离失所花落人悲
说不爱就是爱
冷漠无情是自害
优柔寡断情难猜
流落最初是情怀
收起"
董小姐,民谣,"董小姐你从没忘记你的微笑
就算你和我一样 渴望着衰老
董小姐你嘴角向下的时候很美
就像安和桥下 清澈的水

董小姐我也是个复杂的动物
嘴上一句带过心里却一直重复
董小姐鼓楼的夜晚时间匆匆
陌生的人请给我一支兰州

所以那些可能都不是真的董小姐
你才不是一个没有故事的女同学
爱上一匹野马可我的家里没有草原
这让我感到绝望 董小姐

董小姐你熄灭了烟说起从前
你说前半生就这样吧 还有明天

董小姐你可知道我说够了再见
在五月的早晨终于丢失了睡眠

所以那些可能都不是真的董小姐
你才不是一个没有故事的女同学

爱上一匹野马可我的家里没有草原
这让我感到绝望 董小姐

所以那些可能都会是真的董小姐

谁会不厌其烦的安慰那无知的少年

我想和你一样 不顾那些所以
跟我走吧 董小姐

躁起来吧 董小姐
收起"
小诗人,民谣,"作曲 : 留声玩具
作词 : 辻
这么晚了还不睡 你在想什么呢

今天要睡多久 明天要醒多久

后来的你会不会温柔

做一个梦又要多久

梦里有没有最想要的牵手

小诗人 你是不是醉了酒

最近看了几本书 你有没有泪流

傍晚要亮多久 清晨要暗多久

后来的你有没有听说

梦醒以后她很温柔

眼底藏着暗涌波澜的河流

小诗人 你会不会又在愁

立春的时候 柔软 还不能停留

因为冬天的嘴唇 像极干涩的酒

皮肤的污垢 天亮依旧不肯走

所以我用几行字 写出了这些忧愁

二月丢失了雪花 她会不会融化

时间一直在走 纹路在笔尖游

后来的她一定很温柔

做梦的时候也会有

藏起的头发像鲸鱼在求救

小诗人 一觉醒来又是愁

立春的时候 柔软 还不能停留

因为冬天的嘴唇 像极干涩的酒

皮肤的污垢 天亮依旧不肯走

所以我用几行字 写出了这些忧愁

立春的时候 柔软 还不能停留

因为冬天的嘴唇 像极干涩的酒

皮肤的污垢 天亮依旧不肯走

所以我用几行字 写出了这些忧愁

所以我用几行字 写出了这些忧愁

编曲：柳森

吉他：时剑波

贝斯：赵浩成

鼓 ： 王斌

小提琴：黄立杰

大提琴：赵旭阳

弦乐：亚洲爱乐乐团

和音：汪蕊

制作人：柳森

混音：张俊

录音：张俊、贺超、王小四、吉松浩

收起"
安和桥,民谣,"让我再看你一遍
从南到北
像是被五环路蒙住的双眼
请你再讲一遍
关于那天
抱着盒子的姑娘
和擦汗的男人
我知道 那些夏天
就像青春一样回不来
代替梦想的也只能是勉为其难
我知道 吹过的牛逼
也会随青春一笑了之
让我困在城市里
纪念你
让我再尝一口
秋天的酒
一直往南方开
不会太久
让我再听一遍
最美的那一句
你回家了
我在等你呢
我知道 那些夏天
就像青春一样回不来
代替梦想的也只能是勉为其难
我知道 吹过的牛逼
也会随青春一笑了之
让我困在城市里 纪念你
我知道 那些夏天
就像你一样回不来
我也不会再对谁满怀期待
我知道 这个世界
每天都有太多遗憾
所以你好 再见
收起"
茶酒伴,民谣,"作曲：谢知非
作词：谢知非
编曲：小皮
青山在 杨柳湾 无人等风来
杏花开 绿水盘 新芽莫摘采
知是一年春又来 冰雪也消散
山路若陡缓步迈 斗酒洒羁绊
雨生哀 镜尘满 韶颜虽易改
弃脂彩 肠何断 拂手去青苔
衷心诉了春过半 平生光影短
儿女情长愁摩愁 不如茶相伴
知是一年春又来 冰雪也消散
山路若陡缓步迈 斗酒洒羁绊
衷心诉了春过半 平生光影短
儿女情长愁摩愁 不如茶相伴
知是一年春又来 冰雪也消散
山路若陡缓步迈 斗酒洒羁绊
衷心诉了春过半 平生光影短
儿女情长愁摩愁 不如茶相伴
不如茶相伴 不如茶相伴

收起"
牧马人,民谣,"牧马人/2014.08.10
纪念我的朋友典典，他已经在另一个世界。
词-曲-编曲-混音/冯佳界

在这世界 最远的风景里
有一个牧马人
他就站在 回忆的百花丛中
静静望着我们
在另个世界 你一定还拥有
最爱的越野车
它会继续 带着你走遍曾经
最向往的景色

是不是你 是不是你在守护着
那些拥挤的街道
是不是你 是不是你在嘱咐着
那些开车的少年
是不是你 是不是你在鼓励着
那些新来的同事
是不是你 是不是你在等候着
那些迟到的祝愿

你留下的最后的礼物
那段你在的时光
我们有谁会忍心遗忘

你永远是快乐的模样
充满喜悦的脸庞
想到你谁会忍心悲伤

这不是一首让人落泪的歌
你的笑容在我血液中永不干涸
在那些夜晚我们远眺美好的未来
许多画面会在我窗前永远盛开

是不是你 是不是你在守护着
那些拥挤的街道
是不是你 是不是你在嘱咐着
那些开车的少年
是不是你 是不是你在鼓励着
那些新来的同事
是不是你 是不是你在等候着
那些迟到的祝愿

你留下的最后的礼物
那段你在的时光
我们有谁会忍心遗忘

你永远是快乐的模样
充满喜悦的脸庞
想到你谁会忍心悲伤

这不是一首让人落泪的歌
你的笑容在我血液中永不干涸
在那些夜晚我们远眺美好的未来
许多画面会在我窗前永远盛开

收起"
关忆北,民谣,"当你再次和我说起 青春时的故事
我正在下着雨的无锡乞讨着生活的权利
前一天早晨 我睁开眼已是江南
他们说柔软的地方总会发生柔软的事
那年的舞台上 说谎的人一直歌唱
大不列颠的广场上 有没有鸽子飞翔
青春和瞎子一起变成了哑巴
今天扯平了我们的当年 分食了理想
你可知道你的名字解释了我的一生
碎了漫天的往事如烟 与世无争
当你装满行李 回到故乡
我的余生 却再也没有北方

有一天我又梦见 那个装满乐器的教室
你还站在门口 一脸羞涩的表情
你说这么多年你还没找到 让你心动的男人
我说去他妈的爱情 都是过眼云烟的东西
你可知道你的名字解释了我的一生
碎了满天的往事如烟 与世无争
当你装满行李 回到故乡
我的余生 却再也没有北方
你知道你的名字解释了我的一生
碎了满天的往事如烟 与世无争
当你装满行李 回到故乡
我的余生 却再也没有北方
收起"
我来过,民谣,"作曲 : 刘昊霖
作词 : 唐映枫
我来过 你的快乐与曾经
你一挥手我就告别成一道风景
嬉笑轻轻
都是常情
是决定
也是回应
我来过 你的孤独与倾听
你一微笑我就失言成一叠长信
多好如今
还是真心
玩笑话
依然动听
我来过 你的不安与认定
你一睡着我就深爱成一片阴影
每次永远
也是途经
不任性
也不冷静
...
不用太冷静
收起"
不找了,民谣,"我坐在角落
看霓虹闪烁
这个城市一如既往的寂寞
我知道 我的世界
已经没有你了
过了这么多年
也应该忘了
时常会软弱
也总想洒脱
我那迟迟不来的爱情
你在哪儿啊
有时候 张开怀抱
你才知道自己有多脆弱
开始习惯隐藏
不再乱想
不找了找不到的
你还在想些什么
这世界已经疯了
你就别再自找折磨
别找了找不到的
上帝已如此忙碌
该来她总会来的
别找了
时常会软弱
也总想洒脱
我那迟迟不来的爱情
你在哪儿啊
有时候 张开怀抱
你才知道自己有多脆弱
开始习惯隐藏
不再乱想
不找了找不到的
你还在想些什么
这世界已经疯了
你就别再自找折磨
别找了找不到的
上帝已如此忙碌
该来她总会来的
别找了
不找了找不到的
你还在想些什么
这世界已经疯了
你却还在自找折磨
别找了找不到的
上帝已如此忙碌
该来她总会来的
别找了
不找了找不到的
他们在想些什么
该来她总会来的
别找了
收起"
蒲公英,民谣,"作曲 : 秋野
作词 : 秋野
我像一个蒲公英
随风飘摇
你像一株草
天涯海角
我以为我很年轻
永远不会老
你的容颜也永远在笑
我们到底是什么
不需要知道
我们只希望
不会被打扰
我想没人能知道
我们的名字
我们的地方
谁也找不到

我就这样随着风
不停地奔跑
不停地摔倒
不停被嘲笑
为了生存的需要
谁也摆脱不了
那些虚伪的笑
人们的争吵
可是我要把这些
一切的不美好
城市的喧闹
全部都扔掉
我只想能陪着你
到天涯海角
直到我们
哪也走不了

终于有一天
我被风吹散
只剩下枯干
落在你身边

收起"
十二月,民谣,"作曲 : 张尧
作词 : 张尧/丁可
南方的冬天太冷
我丢掉了唯一的烟
在梦里你沉默的说
亲爱的 再见
十二月的白色夜晚
迷雾笼罩着看不清你的脸
我们说谎开始一个真实的故事
以为你仍活在那个不眠的城市
走过了多少地方几座城
没有你的地方都大雪纷飞
请你告诉我 明天怎么办
跌跌撞撞 步履蹒跚
走过了多少地方几座城
没有你的地方都大雪纷飞
请你告诉我 明天怎么办
跌跌撞撞 步履蹒跚
请你告诉我 明天怎么办
跌跌撞撞 步履蹒跚

收起"
走歌人,民谣,"作曲 : 暗杠
作词 : 肆格张/暗杠/李思迁
编曲：暗杠
器乐演奏：暗杠
和声编配：暗杠
录音混音：暗杠

这一程行路迢迢
他把乡音背挂在琴上
一言语天地苍苍
扶着一首歌路过一个村庄
斑驳愁思自飘荡
唇间藏着心事两行
迎风青丝印墙上
拨起弦便独自心伤

第一句唱前半生
走马西风长路
第二句唱莫回首
十载飘荡已无亲故
第三句唱这江湖路
晃晃悠悠的一朝一暮
第四句唱完就到渡口处
恨这风啊雪啊始终不够
他擎烛而走
他剪水行舟
他独自而走
他慢慢地走

风掠过船铃清响
他带走了最后曲悠扬
船舷外匆匆忙忙
烟杆上篆刻 名字念肆格张
行舟摇移着湖光
摇移了遗憾的过往
弦音随风四方荡
走歌人独自凭阑唱

第一句唱前半生
走马西风长路
第二句唱莫回首
十载飘荡已无亲故
第三句唱这江湖路
晃晃悠悠的一朝一暮
第四句唱完就到渡口处
恨这雪啊风啊始终不够
第五句唱旧时友
再饮千杯烈酒
第六句唱江南秋
霜叶凉露难遮离愁
第七句唱到世事休
欲走还留却难收回手
第八句唱完含泪望远处
望着山川河水擎烛而走
独自行走
收起"
童话镇,民谣,"作曲 : 暗杠
作词 : 竹君
编曲 : 暗杠

器乐演奏：暗杠
和声编写：暗杠
听说白雪公主在逃跑
小红帽在担心大灰狼
听说疯帽喜欢爱丽丝
丑小鸭会变成白天鹅
听说彼得潘总长不大
杰克他有竖琴和魔法
听说森林里有糖果屋
灰姑娘丢了心爱的玻璃鞋
只有睿智的河水知道
白雪是因为贪玩跑出了城堡
小红帽有件抑制自己
变成狼的大红袍
总有一条蜿蜒在童话镇里七彩的河
沾染魔法的乖张气息
却又在爱里曲折
川流不息扬起水花
又卷入一帘时光入水
让所有很久很久以前
都走到幸福结局的时刻
听说睡美人被埋藏
小人鱼在眺望金殿堂
听说阿波罗变成金乌
草原有奔跑的剑齿虎
听说匹诺曹总说着谎
侏儒怪拥有宝石满箱
听说悬崖有颗长生树
红鞋子不知疲倦地在跳舞
只有睿智的河水知道
睡美人逃避了生活的煎熬
小人鱼把阳光抹成眼影
投进泡沫的怀抱
总有一条蜿蜒在童话镇里七彩的河
沾染魔法的乖张气息
却又在爱里曲折
川流不息扬起水花
又卷入一帘时光入水
让所有很久很久以前
都走到幸福结局的时刻
总有一条蜿蜒在童话镇里梦幻的河
分隔了理想分隔现实
又在前方的山口汇合
川流不息扬起水花
又卷入一帘时光入水
让所有很久很久以前
都走到幸福结局的时刻 又陌生
啊~~啊~~啊~~啊~~
收起"
致自己,民谣,"作曲 : 齐一
作词 : 齐一
我问自己你是否还年轻
你的灵魂是否还很纯净
人群中是谁在艰难走走停停
又是谁在仰望着命运
人生就像一场旅行
繁华之后终将还要独行
纷纷扰扰没有谁能够说得清
别让遗憾成为我们的曾经
在我们哭的笑的累的岁月里
我们是否该好好珍惜自己
总是对别人太热情
却对自己很小心
遍体鳞伤算不算聪明
在我们听的说的看的世界里
你想以什么样的方式老去
最伟大的平凡才应该最值得珍惜
我的明天我依然会憧憬
人生就像一场旅行
繁华之后终将还要独行
纷纷扰扰没有谁能够说得清
别让遗憾成为我们的曾经
在我们哭的笑的累的岁月里
我们是否该好好珍惜自己
总是对别人太热情
却对自己很小心
遍体鳞伤算不算聪明
在我们听的说的看的世界里
你想以什么样的方式老去
最伟大的平凡才应该最值得珍惜
我的明天我依然会憧憬
最伟大的平凡才应该最珍惜
我的明天我依然会憧憬
收起"
声声慢,民谣,"作曲 : 刘洋
作词 : 崔开潮
混音：周成
吉他：胡乔治 周成
和声：愚青
青砖伴瓦漆
白马踏新泥
山花蕉叶暮色丛染红巾
屋檐洒雨滴
炊烟袅袅起
蹉跎辗转宛然的你在哪里
寻寻觅觅
冷冷清清
月落乌啼月牙落孤井
零零碎碎
点点滴滴
梦里有花梦里青草地
长发引涟漪
白布展石矶
河童撑杆摆长舟渡古稀
屋檐洒雨滴
炊烟袅袅起
蹉跎辗转宛然的你在哪里
寻寻觅觅
冷冷清清
月落乌啼月牙落孤井
零零碎碎
点点滴滴
梦里有花梦里青草地
青砖伴瓦漆
白马踏新泥
山花蕉叶暮色丛染红巾
屋檐洒雨滴
炊烟袅袅起
蹉跎辗转宛然的你在哪里
收起"
静下来,民谣,"作曲 : 赵雷
作词 : 赵雷
编曲：喜子
我想应该静下来想一些话
我想应该静下来走一段路
我想应该静下来看一本书
我只想静下来做这些事
我想应该静下来睡一个觉
我想应该静下来想一个人
我想静下来忘掉那些事情
我只想静下来去反省自己
当一切都开始静下来的时候
静的可以让我听到平和安详的心跳
静的像云 静的像空气
静静的我开始 渐渐的适应
我想应该静下来睡一个觉
我想应该静下来想一个人
我想静下来忘掉那些事情
我只想静下来去反省自己
当一切都开始静下来的时候
静的可以让我听到平和安详的心跳
静的像云 静的像空气
静静的我开始 渐渐的适应
当一切都开始静下来的时候
静的可以让我听到平和安详的心跳
静的像云 静的像空气
静静的我开始 渐渐的适应
静静的想 静静的走
静静的看 静静的说
静静睡了 静静睡了
静静睡了 静静睡了

制作：喜子
混音：姜北生
吉他：喜子
弦乐：亚洲爱乐国际乐团
和声：孙嫣然
收起"
红蔷薇,民谣,"这年代 季节快 许多花儿开
风徘徊 云发呆 美景关在大门外
等谁摘 不自在 慢慢才明白
花已开 没人来 其实根本不奇怪
夜里我就随着风雨摇摇摆
见到日头我就会哭出眼泪来
我是好美好美的红蔷薇
不枉春天来一回
绽放到天黑 惹得路人醉
平淡看待自己枯萎
我是好美好美的红蔷薇
可恨老天不作美
被摘去花蕾 被剥去花蕊
可悲送人作玫瑰
地是床 天是被 流星是眼泪
有时醒 有时醉 大雁飞一个来回
又是喜 又是悲 春光不明媚
不后悔 不拖累 美梦凋零似流水
情愿是片颜色把世界点缀
不愿叹息人间的是和非
我是好美好美的红蔷薇
不枉春天来一回
绽放到天黑 惹得路人醉
平淡看待自己枯萎
我是好美好美的红蔷薇
可恨老天不作美
被摘去花蕾 被剥去花蕊
可悲送人作玫瑰
我是好美好美的红蔷薇
不枉春天来一回
绽放到天黑 惹得路人醉
平淡看待自己枯萎
我是好美好美的红蔷薇
可恨老天不作美
被摘去花蕾 被剥去花蕊
可悲送人作玫瑰
收起"
孙大剩,民谣,"作曲 : 白亮
作词 : 白亮
从小你就想当一个盖世英雄
逢人便说长大后要大闹天宫
可长大后却发现自己 是那么平庸
你曾经做的那个征服世界的梦
就像个玩笑深藏在你记忆之中
生活在检验着你到底 是龙还是虫
你没有学会七十二变的神通
也没有学会满嘴鬼话的武功
你总是很难挤出一个 恰当的笑容
你三十岁的内心总还波涛汹涌
可说出的话却是那样言不由衷
听他们谈起梦想你努力 做哑装聋
你是别人口中碌碌无为 的孙大剩
你是掉进人堆也找不见 的孙大剩
孙大剩
你的爱人等你开着宝马去娶她
孙大剩
你多想在那皋兰山下有一个家
孙大剩
你也曾想过周游世界劈柴喂马
孙大剩
你期待中的摇钱树会生根发芽
你没有学会七十二变的神通
也没有学会满嘴鬼话的武功
你总是很难挤出一个 恰当的笑容
你三十岁的内心总还波涛汹涌
可说出的话却是那样言不由衷
听他们谈起梦想你努力 做哑装聋
你是别人口中碌碌无为 的孙大剩
你是掉进人堆也找不见 的孙大剩
孙大剩
你的爱人等你开着宝马去娶她
孙大剩
你多想在那皋兰山下有一个家
孙大剩
你也曾想过周游世界劈柴喂马
孙大剩
你期待中的摇钱树会生根发芽
孙大剩
你抱起那把落满了尘土的吉他
孙大剩
你想起从前和你同甘共苦的她
孙大剩
你说过要把世界打得满地找牙
孙大剩
你却张着嘴巴流着眼泪说不出话
啊......
收起"
理想三旬,民谣,"作曲 : 陈鸿宇
作词 : 唐映枫
编曲：陈鸿宇 马雨阳
混音：马雨阳
雨后有车驶来
驶过暮色苍白
旧铁皮往南开 恋人已不在
收听浓烟下的 诗歌电台
不动情的咳嗽 至少看起来
归途也还可爱
琴弦少了姿态
再不见那夜里 听歌的小孩
时光匆匆独白
将颠沛磨成卡带
已枯卷的情怀 踏碎成年代

就老去吧 孤独别醒来

你渴望的离开
只是无处停摆
就歌唱吧 眼睛眯起来
而热泪的崩坏
只是没抵达的存在

青春又醉倒在
籍籍无名的怀
靠嬉笑来虚度 聚散得慷慨
辗转却去不到 对的站台
如果漂泊是成长 必经的路牌
你迷醒岁月中
那贫瘠的未来
像遗憾季节里 未结果的爱
弄脏了每一页诗
吻最疼痛的告白
而风声吹到这 已不需要释怀
就老去吧 孤独别醒来

你渴望的离开
只是无处停摆
就歌唱吧 眼睛眯起来
而热泪的崩坏
只是没抵达的存在

就甜蜜地忍耐
繁星润湿窗台
光影跳动着像在 困倦里说爱
再无谓的感慨
以为明白
梦倒塌的地方 今已爬满青苔
收起"
南方姑娘,民谣,"作曲 : 赵雷
作词 : 赵雷
北方的村庄住着一个南方的姑娘
她总是喜欢穿着带花的裙子站在路旁
她的话不多但笑起来是那么平静悠扬
她柔弱的眼神里装的是什么 是思念的忧伤
南方的小镇阴雨的冬天没有北方冷
她不需要臃肿的棉衣去遮盖她似水的面容
她在来去的街头留下影子芳香在回眸人的心头
眨眼的时间芳香已飘散影子已不见
南方姑娘 你是否习惯北方的秋凉
南方姑娘 你是否喜欢北方人的直爽
日子过的就像那些不眠的晚上
她嚼着口香糖对墙满谈着理想
南方姑娘 我们都在忍受着漫长
南方姑娘 是不是高楼遮住了你的希望

昨日的雨曾淋漓过她瘦弱的肩膀
夜空的北斗也没有让她找到迷途的方向
阳光里她在院子中央晾晒着衣裳
在四季的风中她散着头发安慰着时光
南方姑娘 你是否爱上了北方
南方姑娘 你说今天你就要回到你的家乡
思念让人心伤 她呼唤着你的泪光
南方的果子已熟 那是最简单的理想
啦……啦……
收起"
春风十里,民谣,"作曲 : 倍倍
作词 : 倍倍
编曲：鹿先森乐队

我在二环路的里边 想着你
你在远方的山上 春风十里
今天的风吹向你 下了雨
我说所有的酒 都不如你

我在鼓楼的夜色中 为你唱花香自来
在别处 沉默相遇和期待
飞机飞过 车水马龙的城市
千里之外 不离开

把所有的春天 都揉进了一个清晨
把所有停不下的言语变成秘密 关上了门
莫名的情愫啊 请问 谁来将它带走呢
只好把岁月化成歌 留在山河
我在鼓楼的夜色中 为你唱花香自来
在别处 沉默相遇和期待
飞机飞过 车水马龙的城市
千里之外 不离开

把所有的春天 都揉进了一个清晨
把所有停不下的言语变成秘密 关上了门
莫名的情愫啊 请问 谁来将它带走呢
只好把岁月化成歌 留在山河

把所有的春天 都揉进了一个清晨
把所有停不下的言语变成秘密 关上了门
莫名的情愫啊 请问 谁来将它带走呢
只好把岁月化成歌 留在山河

我在二环路的里边 想着你
你在远方的山上 春风十里
今天的风又吹向你 下了雨
我说所有的酒 都不如你

和音: 李卓 杨博士
弦乐编配：李卓
原声吉他: 杨博士
电吉他：董二胖
钢琴：冰冰
贝斯：李斯
鼓：PP
录音棚：Tweak Tone Labs
混音：李卓
制作人：李卓
收起"
只道寻常,民谣,"作曲 : 谢知非aka谢春花
作词 : 谢知非aka谢春花
编曲：小皮
吉他：卢山
钢琴：曹宇辉

夏夜 纸伞
白色的帆
湖面上波光闪
暖风隔岸
这是我能
想到的景
还有些期盼
和当时烂漫
冬日的小山
和耐寒的兰
江水边渔夫返
白鹭离滩
这是我很
想念的景
阳台上呆看
一天已过半
离别时只道是当时习惯
一切都很平淡不觉出彩
雨落时才想起那种心安
欢声和笑语还在我耳畔
如今已各自在城市两端
相距远相见难不聚只散
其实我并没有太多期盼
毕竟一生很短少有圆满
春末 傍晚
云层渐远
屋檐下燕归来
人面花开
那是我还
记得的景
眼看春又来
却意兴阑珊
离别时只道是当时习惯
一切都很平淡不觉出彩
雨落时才想起那种心安
欢声和笑语还在我耳畔
如今已各自在城市两端
相距远相见难不聚只散
其实我并没有太多期盼
毕竟一生很短少有圆满
立秋的画卷
平铺简单
橘色的暖阳升
雾气消散
那是我常
梦到的景
醒来时思断
剩寒意盘旋
离别时只道是当时习惯
一切都很平淡不觉出彩
雨落时才想起那种心安
欢声和笑语还在我耳畔
如今已各自在城市两端
相距远相见难不聚只散
其实我并没有太多期盼
毕竟一生很短少有圆满
收起"
少年锦时,民谣,"作曲 : 赵雷
作词 : 赵雷
又回到春末的五月

凌晨的集市人不多

小孩在门前唱着歌

阳光它照暖了溪河

柳絮乘着大风吹

树影下的人想睡

沉默的人 从此刻

开始快乐起来

脱掉寒冬的盔垒

我忧郁的白衬衫

青春口袋里面的

第一支香烟

情窦初开的 我

从不敢和你说



仅有辆进城的公车

还没有咖啡馆和奢侈品商店

晴朗蓝天下 昂头的笑脸

爱很简单

钟声敲响了日落

柏油路跃过山坡

一直通向北方的

是我们想象

长大后也未曾经过

爬满青藤的房子

屋檐下的邻居

在黄昏中飞驰

秋天的时候 柿子树一熟

够我们吃很久

收音机靠坐在床头

贪玩的少年抱着漫画书不放手

陪我入睡的 是月亮的忧愁

和装满幻梦的枕头

沾满口水的枕头

我忧郁的白衬衫

青春口袋里面的

第一支香烟

情窦初开的 我

从不敢和你说



仅有辆进城的公车

还没有咖啡馆和奢侈品商店

晴朗蓝天下 昂头的笑脸

爱很简单

爱很简单

爱很简单

爱很简单

爱很简单

收起"
南方 南方,民谣,"作曲 : 张小九
作词 : 卡夫
奶奶手里的蒲扇 摇晃着炎夏
一道道岁月 已爬满了脸颊
爷爷坐在榕树下 言语都浓于一杯茶
风儿轻轻刮 吹落了牵挂

长大后想去看看世界的繁华
拥挤的火车一路往北发
邻座的乘客一口家乡话
他告诉我思念的地方叫做家

南方 南方
那时候我们正值年华
你是我的青梅 我是你的竹马
拾几根柴火 又捡起几片瓦
我们俩一起过家家

南方 南方
记忆中有雨水在滴嗒
那儿时的伙伴早已谈婚论嫁
我拨动着吉它 唱着心里的那些话
而时光匆匆 让人潸然泪下

奶奶手里的蒲扇 摇晃着炎夏
一道道岁月 已爬满了脸颊
爷爷坐在榕树下 言语都浓于一杯茶
风儿轻轻刮 吹落了牵挂

长大后想去看看世界的繁华
拥挤的火车一路往北发
邻座的乘客一口家乡话
他告诉我思念的地方叫做家

南方 南方
那时候我们正值年华
你是我的青梅 我是你的竹马
拾几根柴火 又捡起几片瓦
我们俩一起过家家

南方 南方
记忆中有雨水在滴嗒
那儿时的伙伴早已谈婚论嫁
我拨动着吉它 唱着心里的那些话
而时光匆匆 让人潸然泪下
我期盼的姑娘 她在哪

收起"
深夜的歌,民谣,"作曲 : 爱尔兰民歌
作词 : 张过年
在路灯光的波浪里
雨滴一颗一颗落成细线
穿过车窗的缝隙
落在我的脸上和眼睛里
橘黄色的巨大的光晕啊
一个接一个经过我们
我就这样恍惚着听见
你倾吐出心里的秘密
陌路的人举杯
唱起跑调的老歌
窗外的雨水啊
纷纷落进你的眼里

胡同深处朴素的饭店啊
一个靠窗的安全座位
不高兴的时候就来这里
缓缓沉入内心的湖底
在图书馆最喜欢的书里
偷偷留下电话号码
会不会啊有人打给你
你又会如何去回答
陌路的人举杯
唱起跑调的老歌
窗外的雨水啊
纷纷落进你的眼里

好久不见公园里的猫朋友
你知道他的太多心事
“不要把我的话告诉别人
即使他也会温柔的抚摸你”
陌路的人举杯
唱起跑调的老歌
窗外的雨水啊
纷纷落进你的眼里
陌路的人举杯
唱起跑调的老歌
窗外的雨水啊
纷纷落进你的眼里
纷纷落进你的眼里
收起"
北方以北,民谣,"作曲 : 九日
作词 : 九日
吉他：阿伟
贝斯：佑歌
录音：孙壹一
编曲：九日
混音：六先生


可怜的人在北方的城市享受着秋天的荒凉
我住在没有暖气的房间享受着一切
我想把这一切讲给她听让她知道
没有爱人的秋天有多冷

热恋的人在喧闹的街头不知羞耻的接着吻
橘黄色的路灯却看不清他们的模样
曾经我也这样肆无忌惮的吻着你
可如今我却不知道你在哪里

我在北方以北的城市
思念着你给的忧伤
而忘记了
你曾给我的快乐

我在北方以北的城市
厌倦这你给的忧伤
而享受着
你给我现在的孤独

热恋的人在喧闹的街头不知羞耻的接着吻
橘黄色的路灯却看不清他们的模样
曾经我也这样肆无忌惮的吻着你
可如今我却不知道你在哪里

我在北方以北的城市
思念着你给的忧伤
而忘记了
你曾给我的快乐

我在北方以北的城市
厌倦这你给的忧伤
而享受着
你给我现在的孤独

可怜的人在北方的城市享受着秋天的荒凉

收起"
无能为力,民谣,"从我们分手的那天起
残留一些幸福的记忆
只是一句离别
所有誓言都已幻灭
只有独自承受这伤心欲绝
每天只有酒醉后昏睡
就能幻想你未曾离去
希望感情能够轮回
让我在多一次安慰
只想在深夜中梦到你的美
我用多久陪你
我用多久爱你
却在也弥补不了感情的距离
你没有等到我会保护你的那一天
后悔我当时没有珍惜
我想和你相依
而我就要失去
你提出分手我懊悔无能为力
是我爱你还没有得到上帝的允许
还是我们本不是知己
每天只有酒醉后昏睡
就能幻想你未曾离去
希望感情能够轮回
让我在多一次安慰
只想在深夜中梦到你的美
我用多久陪你
我用多久爱你
却在也弥补不了感情的距离
你没有等到我会保护你的那一天
后悔我当时没有珍惜
我想和你相依
而我就要失去
你提出分手我懊悔无能为力
是我爱你还没有得到上帝的允许
还是我们本不是知己
收起"
美好事物,民谣,"作曲 : 少年佩
作词 : 一只然
热夏 你归来 听蝉
再游于 北方 知寒
沿途 不枉为 少年
终有个 结局圆满
你看 顽皮细雨招摇过远帆
修理过小店某处忽明忽暗的灯盏
你听 江水流过人家吵着要上岸
你去过烟花三月的江南
你看 秋月温柔撕破了花瓣
却只为迎着暮冬大雪纷飞时贪玩
你说 要忘却所有不愉快的片段
把美好事物纯真的走完
把疲乏往期 装进朴质的长街
把失败恋爱 藏进路人的详谈
把起舞的今日 写成诗篇
多年后 也不遗憾
把无味春风 融进街边的早餐
把仰头月色 化为潇洒的释然
把漫长的故事 变成短暂
才配得起勇敢
别忧愁聚散
又何惧放胆
让幽邃夜晚
静躺入空山
收起"
繁华之处,民谣,"作曲 : 栗先达
作词 : 郑熏
编曲：陈沁扬 宋扬

黄昏的疾逝开始
我就想将自己撕裂
分散于你的森林
并在瘦弱光中窥视你
以我泛滥的手扎紧
那野丛的香气不溢
在你矜持的衣缘 现身喘息
如同一头麋鹿 闯进一座花园
我是一个动物 踏进你的眼里
在热烈的纤柔中闪烁
在颤摇的山谷中流荡
繁枝之中 出落你
花雀一样的悄吟
而我只想抱你抱紧你
往日的情节动人
我又想把自己归还
深埋进你的臂弯
并在微温之中落烬你
以我残存的火 燃起
世间万般隐忍委屈
在你新月的背脊 撑伞避雨
如同一头麋鹿 闯进一座花园
我是一个动物 踏进你的眼里
在热烈的纤柔中闪烁
在颤摇的山谷中流荡
繁枝之中 出落你
花雀一样的悄吟
而我只想抱你抱紧你
如同一头麋鹿 闯进一座花园
我是一个动物 踏进你的眼里
在热烈的纤柔中闪烁
在颤摇的山谷中流荡
繁枝之中 出落你
花雀一样的悄吟
而我只想抱你抱紧你
而我只想抱你抱紧你

吉他：高飞
弦乐：国际首席爱乐乐团
录音：徐志明
混音：顾潇予
母带：顾潇予
制作人：陈沁扬
监制：徐凯
收起"
声律启蒙,民谣,"作曲 : 赵照
作词 : 车万育/赵照

云对雨 雪对风
晚照对晴空
三尺剑 六钧弓
岭北对江东
颜巷陋 阮途穷
白叟对黄童
沿对革 异对同
冀北对山东
两鬓霜 一客行
新绿衬酒红
七颗星 一袍风
佛陀对苍生

两鬓霜 一客行
新绿衬酒红
七颗星 一袍风
佛陀对苍生
天浩浩，日融融
弯月对长虹
我对你 嘴对心
九夏对三冬
我对你 嘴对心
九夏对三冬
我对你 嘴对心
九夏对三冬

收起"
水的欢歌,民谣,"灵感来自筱敏散文《无家的宿命》。

祈雨的闹剧啊
已经偃息
也曾激昂的锣鼓
凄惶地满地散落

她却一如从前
很早醒来
领着困乏的人们
去森林里采集露水

手捧枯黄的稻穗
整个部落蜷缩着枯萎
期待着死亡来驱散
所有灾难

她在这样的岁月
独自穿过灵魂的荒野
倔强地守着一件事
日复一日

词：筱敏/冯佳界
曲/编曲：冯佳界
混音指导：马雨阳

她在这样的岁月
独自穿过灵魂的荒野
倔强地守着一件事
日复一日

她们向这个世界
永远投降
却把世界变成她们
温柔的模样

她们眼中的云霞
比天边更美
那片霞光泛着她们
承载的一切

她们向这个世界
永远投降
却把世界变成她们
温柔的模样

她们眼中的云霞
比天边更美
那片霞光泛着她们
承载的一切
悲伤

水的欢歌
词：筱敏/冯佳界
曲/编曲：冯佳界
混音指导：马雨阳

收起"
很久以前,民谣,"作曲 : 郭倍倍
作词 : 郭倍倍
日文旋律/歌词：蠡生
编曲：鹿先森乐队

弦乐编配：李卓
原声吉他: 杨博士
电吉他：董二胖
钢琴：冰冰
贝斯：李斯
鼓：PP
小提琴演奏：林佳颖
女声独唱: PP 冰冰
和音：杨博士 李卓
合唱：杨博士 董二胖 邢硕 杨雄 程文龙 陈左一 唐司炫 吴含舒 大橙子 童雷 杨朝嘉
录音棚：Tweak Tone Labs
混音：李卓
制作人：李卓
有一天你问我 相遇究竟有多漫长
我竟然无言以答
一个眼神一句话就像一瞬间
可是漫长的又像 一生啊

每个故事该从何讲起呢
数不清的人 说着数不清的话
我告诉你我不知道是不是一切都会一样
有迷人的开始 和平淡的收场

今夜月光又抱着你和我
照进心中 那遗忘的光
仿佛时间就像停留在你脸上
不声不响
今夜月光又抱着你和我
看见心中那道遗忘的光
这时的时间就像停止在你脸上
不声不响

むかし、むかし
あるところには
いるふたり
そのふたりが
しあわせに
そのところには
ずっとくらし

所有的故事该从何讲起呢
数不清的人 说着数不清的话
我告诉你我不知道是不是一切都是一样
有迷人的开始 和平淡的收场

今夜月光又抱着你和我
照进心中那道遗忘的光
仿佛时间就像停留在你脸上
不声不响
今夜月光又抱着你和我
看见心中那道遗忘的光
这时的时间就像停止在你脸上
不声不响

むかし、むかし
あるところには
そのふたりが
いるふたり
しあわせに
そのところには
ずっとくらし

啦啦啦啦啦啦......
收起"
无法长大,民谣,"作曲 : 赵雷
作词 : 赵雷
编曲 : 赵雷/喜子

我知道 我做的不对
我总是喜欢说说
对不起 我欠你太多的怀抱
总是觉得工作太忙
常常被冷眼灼伤
对不起 总是让你受委屈
人和人总是有差距
日子里总要遇难题
总是盼望太多 最后如不如意都被时间浇熄
哦 Baby 你说你不是很在意
多想和你游遍世界
那样活着才有意义
我知道你和我都不喜欢逃避
时光拿走了你的美丽
岁月带走了我的脾气
对不起 我还欠你一场婚礼
说着说着 我又开始不切实际
说着说着 我就醉在了你的怀里
三十岁的眼泪还流有青春余味
爱情是否能解除生活的狼狈
别要求太多 学着时间一样洒脱
哦 Baby 我性格不是这样的
婚姻会不会让我们感到乏味
那么就这样 不去理睬这浮躁的社会
既然无法长大 那就不要学着别人去挣扎
哦 Baby 但愿我们能相随
既然无法长大 那就不要学着别人去挣扎
哦 Baby 但愿我们能相随
我知道我做的不对
我只是有些疲惫
哦 Baby 别留我一个人睡
收起"
盲人的歌,民谣,"[2017年9月回国 北京上海济南 三城巡演
详情见微博@陈小熊bigbearzjzl
微信公众号@chenxiaoxiongne
作曲 : 陈洁修
作词 : 陈洁修
有一天他将眼睛蒙上 以为这样就看不到悲伤
他点着灯 走在路上 想把前方的路照亮
路人们都笑他 像个痴人一样
他说世界本就只是虚妄 看与不看又何妨
我眼前的黑虽是一如既往 可光是永恒希望
而你们那明亮的世界里 如何看到光
人们问他要去何处 他手指前方
他说前方有太阳 而我眼中还有光
有一天他将眼睛蒙上 以为这样就看不到悲伤
他点着灯 走在路上 想把前方的路照亮
路人们都笑他 像个痴人一样
他说世界本就只是虚妄 看与不看又何妨
我眼前的黑虽是一如既往 可光是永恒希望
而你们那明亮的世界里 如何看到光
人们问他要去何处 他手指前方
他说前方有太阳 而我眼中 还有光

收起"
茶底世界,民谣,"生命中最善良的时光
就像是水一样明亮
记忆里总有人坐在身旁
抚摸着我枯萎的肩膀

对我说红色不该遗忘
温度不迷茫，方向不倔强
不要对我说红色不该遗忘
温度不迷茫，方向不倔强

对我说永远永远
再次围绕着我
对我说永远永远
是不一样的生活
生命中最善良的时光
就像是水一样明亮
记忆里总有人坐在身旁
抚摸着我枯萎的肩膀

对我说红色不该遗忘
温度不迷茫，方向不倔强
不要对我说红色不该遗忘
温度不迷茫，方向不倔强

对我说永远永远
再次围绕着我
对我说永远永远
是不一样的生活
对我说永远永远
再次围绕着我
对我说永远永远
是不一样的生活


对我说永远永远
再次围绕着我
对我说永远永远
是不一样的生活
对我说永远永远
再次围绕着我
对我说永远永远
是不一样的生活


收起"
不露声色,民谣,"作曲 : Jam
作词 : Jam
远方煽风点火，雨夜敬清秋
树蔓枯竭凋落，微风洒悲奏
洗净风沙月瘦，慰我心间抬头
一盏烛火灭愁，清香满面嗅
萧萧雨中流水漏，雾迷止惑淡去留
江边冷舟无人舵，失得任魔观焦灼
中伤不是你的强项
黑夜看不见你的坚强
流放变成我的苍凉
鼓声牵引着谁的心脏
山高只愿任水流长
虎面担心自己的内向
西苑屠宰场的冷汤
微笑不露声色的张扬
吻我还吃我，爱我还难过
痛过也笑过，失落也复活
淡薄或贪得，愚钝是沉默
悔过又呵责，放下去成佛
中伤不是你的强项
黑夜看不见你的坚强
流放变成我的苍凉
鼓声牵引着谁的心脏
山高只愿任水流长
虎面担心自己的内向
西苑屠宰场的冷汤
微笑不露声色的张扬
吻我还吃我，爱我还难过
痛过也笑过，失落也复活
淡薄或贪得，愚钝是沉默
悔过又呵责，放下去成佛
中伤不是你的强项
黑夜看不见你的坚强
流放变成我的苍凉
鼓声牵引着谁的心脏
山高只愿任水流长
虎面担心自己的内向
西苑屠宰场的冷汤
微笑不露声色的张扬
收起"
梵高先生,民谣,"作曲 : 李志
作词 : 李志
谁的父亲死了
请你告诉我如何悲伤
谁的爱人走了
请你告诉我如何遗忘
我们生来就是孤独
我们生来就是孤单
不管你拥有什么
我们生来就是孤独
让我再看你一眼
星空和黑夜
西去而转折的飞鸟
我们生来就是孤独
我们生来就是孤独
我们生来就是孤独
我们生来就是孤独
我们生来就是孤独
我们生来就是孤独
我们生来就是孤独
我们生来就是孤独
收起"
济南济南,民谣,"作曲 : 陈洁修
作词 : 陈洁修
我抬眼是千佛山的轮廓
我闭眼是大明湖和护城河
趵突泉在我耳畔喷涌着
可我却不清楚
济南
到底是啥样的
它究竟是啥样的
穿旗袍的姑娘你在哪儿呢
说快板儿的大爷你在哪儿呢
膈应人的小么都长大了
半青的乡音有谁还会记得
那古街古巷都已经被拆了
民国的火车站我都未见过
青石板的泉水早已没了着落
户户垂杨的美景已成为传说
济南呐济南呐 你在哪儿呢
济南呐济南呐 我离家太远了
济南呐济南呐 我回不去了
济南呐济南呐 我想你了
古城的大西边儿有黄河流过
东南北那三边儿有山川包围着
内蒙古的风沙它长驱直入呢
泉水仍滋润着城市的脉络
雄伟的城墙只剩个解放阁
霓虹灯的光照不亮护城河
燕喜堂的牌匾昏暗又没落
芙蓉街的店家 有几个是鲁菜呢
济南呐济南呐 你的根在哪儿呢
济南呐济南呐 你还剩下什么啊
济南呐济南呐 你知道吗
济南呐济南呐 我有多爱你呢
我抬眼是千佛山的轮廓
我闭眼是大明湖和护城河
趵突泉在我耳畔喷涌着
我只想对你说
济南
我想你了
我想回家了
收起"
小雨日记,民谣,"在你决定要离开我的城市的最后一晚
桌子上的玫瑰和啤酒和彼此说过的谎
我也是信以为真
你只是佯装笑容
我没有发现你把昨天装进了酒杯中
我穿过几条街和几家店和你相遇的夜
路边的狗牵着它的主人走向城市边缘
你也是迷路的人
我只是爱莫能助
我也不住在北京又怎么能告诉你该去哪里
而恰好那一天也像今天一样下起了小雨
你又穿了我最喜欢颜色的外衣
我说嘿，我们去哪里
我撑起一把能遮风避雨的伞给你
只愿你好，即使淋湿了自己
在你离开我的城市102天后的下午
雨又像不能挽留的过往一样打在身上
我只是渺小的人
听故事也会认真
时间轻易就把我变成了这悲剧的主人
又想起那一天也像今天一样下起了小雨
你又穿了我最喜欢颜色的外衣
我说嘿，我们去哪里
我撑起一把能遮风避雨的伞给你
只愿你好，即使淋湿了自己
在我的青春燃烧殆尽前多希望你能再出现
重新走一边那些不是只有欢愉的夜
我不会厌倦你始终不变
忘记那些不由分说的争吵，误会和谎言
那只是过去，过去不该在未来里
我点燃你留给我最美的风景用来取暖
那些爱着或是被爱着的也会烟消雨散
你是个懦弱的人
也不敢和我结婚
就这样吧，我也只能在路上过完一生
收起"
孤鸟的歌,民谣,"作曲 : 马頔
作词 : 马頔
越过翻腾的山梁
飞过高耸的海洋
你假装看透了生活
只是和最初聚少离多
也期待一场相遇
不会醒来又分离
如果你说别再出发
他会杀死过去
别害怕别害怕
只是悲欢离合的梦啊
相信吧相信吧
听他唱完这首歌
总有一天我会变成一只不再垂涎自由的鸟
在你的笼子里陪着你衰老
就算孤岛已没有四季
也没人提及你的美丽
我还是要飞去那里
别害怕别害怕
只是多愁善感的梦啊
相信吧相信吧
当你唱起这首歌
总有一天我会放弃天空步履蹒跚
你在你的未来双鬓斑白
所有那些过往悲伤的离别再与你无缘
亲吻你最后的时光
永远有多远
我们不知道
未来在哪里
一起找
收起"
霓虹深处,民谣,"作曲 : 陈鸿宇
作词 : 唐映枫
吉他：孙鹏
贝司：曲志
鼓/混音：小王磊
八通线要去哪里
满载着倦意
开往沉寂
惶迫中见惯疏离
少有言语
电台商线开发区
巨幕前蚂蚁
吞吐尘气
为一口食的寻觅
困于罅隙
理想的街店拆完又筑起
近些年老友也不再常聚
纷繁情爱里如果无所依
我曾经以为
遗憾给我往事
生活也不会
吝啬一点诚实
却不曾明白
昨日的刻骨已盈余
待城中换季
便已失去深意
斑马线那方的路
听说被管制
漠然如我
选择止步庸常中
难以为耻
而远在霓虹深处
发光的房子
已交错得
需要为公平匍匐
然后仰视
电话另一头亲人的样子
也将快老得健忘被搀持
无暇劝慰再替光阴解释
我曾经警惕
曾听来的道理
以为一启程
途中便有目的
却不曾明白
这一刻我来过的意义
而后恍悟
无谓再提
从人群中走过一个女子
让我想起一些很久前的事
想起一枚来不及递出的戒指
收起"
天空之城,民谣,"飞机飞过天空，天空之城
落雨下的黄昏的我们
此刻我在异乡的夜里
感觉着你忽明忽暗

我想回到过去，沉默着欢喜
天空之城在哭泣，越来越明亮的你
爱情不过是生活的屁
折磨着我也折磨着你

港岛妹妹，你献给我的西班牙馅饼
甜蜜地融化了我，天空之城在哭泣
港岛妹妹，我们曾拥有的甜蜜的爱情
疯狂地撕裂了我，天空之城在哭泣

港岛妹妹，你献给我的西班牙馅饼
甜蜜地融化了我，天空之城在哭泣
港岛妹妹，我们曾拥有的甜蜜的爱情
疯狂地撕裂了我，天空之城在哭泣
港岛妹妹，你献给我的西班牙馅饼
甜蜜地融化了我，天空之城在哭泣
港岛妹妹，我们曾拥有的甜蜜的爱情
疯狂地撕裂了我，天空之城在哭泣

有人路过那里，回来告诉我
天空之城在哭泣，无法呼吸的你
此刻我在异乡的夜里
想念着你越来越远
收起"
北方女王,民谣,"作曲 : 尧十三
作词 : 尧十三
这里的秋天 开始变得寒冷 孤独了忙碌的人
总会有一些 善良的狗 心中藏着秘密
我在黑夜里 听见你的歌唱 是我没有听过的歌
我会用一千个夜晚 陪伴着湖北的江
你和我一样 都是说谎的人 拥抱城市的灰尘
请你轻轻的 摘下我的面具 亲吻这短暂时光
我会在每个 柔软的黄昏 喝一杯温柔的酒
管他是与非 管他忧和愁 只要你还在我的北方
这里的秋天 忽然下起雨 打湿了我的头发
我想我只能 给你说这些话 已经是我的全部
我会在每个 柔软的黄昏 唱一首悲伤的歌
管他时光流逝 管他四季变换 只要你还在我的北方
后来在一个 慌张的夜晚 我找见了憔悴的人
我想你一定 也不能结婚 岁月啊 那就这样吧
收起"
这个年纪,民谣,"作曲 : 齐一
作词 : 齐一
当我发现我已到了该成家的年纪
但我的女人呢，但我的女人呢
当我习惯把实话都变成了童话
那我的单纯呢，那我的单纯呢
这个年纪我已不再将就有些事情无法强求
该来的总会来该走的也无法挽留
青春慢慢从身边溜走我开始变的怀旧
喝光了这杯酒就再也无法回头
这个年纪的我们爱情跟不上分开的节奏
这个年纪的我们更珍惜难得的自由
这个年纪的我们比起从前更容易感动
这个年纪的我们徘徊在理想与现实之中

这个年纪我已不再将就有些事情无法强求
该来的总会来该走的也无法挽留
青春慢慢从身边溜走我开始变的怀旧
喝光了这杯酒就再也无法回头
这个年纪的我们爱情跟不上分开的节奏
这个年纪的我们更珍惜难得的自由
这个年纪的我们比起从前更容易感动
这个年纪的我们徘徊在理想与现实之中
不知不觉孤独不再可耻了
不知不觉爸爸的情绪变得脆弱了
不知不觉一把柴米油盐也成为压力了
不知不觉我们也开始懂事了

呐呐呐呐呐 呐呐呐呐呐
呐呐呐呐呐 呐呐呐呐呐
呐呐呐呐呐 呐呐呐呐呐
呐呐呐呐呐 呐呐呐呐呐
收起"
且听风吟,民谣,"作曲 : 朴树
作词 : 朴树
突然落下的夜晚
灯火已隔世般阑珊
昨天已经去得很远
我的窗前已模糊一片
大风声 像没发生 太多的记忆
又怎样放开我的手
怕你说 那些被风吹起的日子
在深夜收紧我的心
日子快消失了一半
那些梦又怎能做完
你还在拼命的追赶
这条路究竟是要去哪儿
大风声 像没发生 太多的记忆
又怎样放开我的手
怕你说 那些被风吹起的日子
在深夜收紧我的心
咿呀
时光真疯狂
我一路执迷与匆忙
依稀悲伤
来不及遗忘
只有待风将她埋葬
咿呀 咿呀
待风将她埋葬
咿呀 咿呀
待风将她埋葬
咿呀 咿呀
我们曾在路上
咿呀 咿呀
待风将她埋葬
收起"
只若初见,民谣,"作曲 : 廉明
作词 : 张力夫
编曲：廉明
和声：董佳怡
插画：于晒干&梦淼
灯笼悬在墙
雨淋湿的小巷
听一段讲不完的故事
陪父亲喝一杯茶汤
是家乡
还是甜蜜的梦乡
熟悉的歌谣啊
都随小河流淌
说再见
南辕北辙的路途
再遇见
背道而驰邂逅了思念
再遇见
谁对谁错的是非
说再见
只为更美的再遇见
灯笼悬在墙
雨淋湿的小巷
听一段讲不完的故事
陪父亲喝一杯茶汤
是家乡
还是甜蜜的梦乡
熟悉的歌谣啊
随小河流淌
说再见
南辕北辙的路途
再遇见
背道而驰邂逅了思念
再遇见
谁对谁错的是非
说再见
只为更美的再遇见
人生若只如初见呐
是否会多些似水的流年。
惊艳了时间
唤醒了明天的谁的旅途
人生若只如初见呐
也不枉信誓旦旦的誓言
一见倾心的梦啊
扰人清醒的梦啊
会再见
我们会再遇见。
灯笼悬在墙
雨淋湿的小巷
听一段讲不完的故事
陪父亲喝一杯茶汤
是家乡
还是甜蜜的梦乡
熟悉的歌谣啊
都随小河流淌

收起"
吉姆餐厅,民谣,"作曲 : 赵雷
作词 : 赵雷
吉姆餐厅米尔大哥在忙着
不灭的月亮下是不夜的街
生意不错忙碌的人把一切忘了
端起酒杯流泪的男人还没醉
我不知道该和你说什么我没有吉他就唱不出歌
我只知道我不能体会任何人的快乐
如果吉母知道的话请为他做上一碗面吧
每当到你的生日你就很想她
吉姆餐厅雪把人们堵在家中
米尔就望着那棵树不说话
夜空清澈吉母的眼不停止闪烁
别担心她你看她从不会寂寞
快剪掉那忧愁的长发吧
离开这个慌冷的村庄吧
这里没有人会唱吉母唱过的那些老歌
快烧掉陈旧的忧伤
穿上那件未见过太阳的新衣裳
我想吉母她和我一样也这样希望

我要走了米尔大哥
你也快走快把以前忘了
会再见的吉姆餐厅
你先上了那辆离开时间的车
别再见了米尔大哥回不去的时光乐土
挥不去的都写满面孔和青春一起褪落
沉睡吧吉姆餐厅沉睡呀儿时乐土
再也不会有谁牵绊着你踏上远方的路
沉睡吧吉姆餐厅沉睡呀不用牵挂
再也不会有谁让你感到钻心的痛苦
收起"
后知后觉,民谣,"作曲 : 老猫
作词 : 老猫
不知不觉得 我一个人又到了这里
我冷冷的微笑 看你的脸庞
不知不觉的 我还是不懂 你说的是什么
你还是这样的 无知的变了
你说你不知道 你的坚强又丢到了哪里
我还是看着你 美丽的谎言
你说你不知道 你不再回答我问的问题
我还是看着你 美丽的谎言
不知不觉得 我一个人又到了这里
我冷冷的微笑 看你的脸庞
不知不觉的 我还是不懂 你说的是什么
你还是这样的 无知的变了
你说你不知道 你的坚强又丢到了哪里
我还是看着你 美丽的谎言
你说你不知道 你不再回答我问的问题
我还是看着你 美丽的谎言
不知不觉的 不知不觉的
一个人也没什么大不了的
虽然我一个人 至少我现在还活着

收起"
你的眼睛,民谣,"作曲 : 陈洁修
作词 : 陈洁修
你的眼睛
点亮了繁星
飘荡在夜空里
你的眼睛
吹熄了湖水
飘散在清波里
你的眼睛
融化了过往
迷失在故事里
你的眼睛
沉醉了山顶
和软软的白云
在你无边的视线里
在你飘摇的回忆里
在你流浪的青春里
多想看到
我自己

你的眼睛
点亮了繁星
飘荡在夜空里
你的眼睛
吹熄了湖水
飘散在清波里
你的眼睛
融化了过往
迷失在故事里
你的眼睛
沉醉了山顶
和软软的白云
在晨曦的歌声里
在沉醉的岁月里
在转瞬的生命里
多想和你
一起
收起"
南部小城,民谣,"作曲 : 曹方
作词 : 曹方
南部小城 没有光彩照人
每次我会来这里 我都感觉着平静
阳光炽烈 人们慢悠悠的步子
零落的草帽 我栽的花儿
摇啊摇 摇啊摇 摇啊摇 摇啊摇

我在这里一个人唱这首歌
人们只是微笑 哦 微笑
我在这里一个人唱这首歌
你不会知道 哦 知道

南部小城 光阴缓流的城
每次我回到这里 你都那么的恬静
赞美夏天 女孩摇曳的裙摆
撩动了昨天 荡着的秋千
摇啊摇 摇啊摇 摇啊摇 摇啊摇

我在这里一个人唱这首歌
人们只是微笑 哦 微笑
我在这里一个人唱这首歌
你不会知道 哦 知道
我在这里一个人唱这首歌
人们只是微笑 哦 微笑
我在这里一个人唱这首歌
你不会知道 哦 知道


收起"
南来北往,民谣,"作曲 : 花粥
作词 : 花粥
我要朝南走，你却往北去
我彷徨不定，你沉默不语
我可以留下，可我留不住你
我能遇见你，也能送走你

我要朝南走，你却往北去
我彷徨不定，你沉默不语
我可以留下，可我留不住你
我能遇见你，也能送走你
我也许会给你写信，但也许我不会寄给你
我们只是一个碰巧，所以绝口不提将来

我自北方来，你从南边起
既不能逢时，也无法顺路
请给我钥匙，让我离开这里
请别再温柔，让我离开你
我们总是错过牵绊，然后矫情的哭出来
我们只是一个碰巧，所以绝口不提将来

收起"
你的名字,民谣,"你的名字/2014.05.10
诗/冯佳界 曲/冯佳界

笔尖落在纸上，仿佛春天的种子
被大地谦卑的胸怀抱紧；

我的笔步步莲花，若不是它流泻出
那撕裂空气的两个音节。

油墨沉入纸中，永不能让它离去，
我发誓永远停驻的一片故乡；

笔尖在故乡的麦田上，纵横耕耘，
纸相信笔好似我们相信日月升沉。

你的名字，是从太阳里浸透的金色，
又像泥泞遥远的路程般绝望艰难；

每晚我看到挂在树梢上悒郁的月影，
我的心情，就像你的名字般无限苍凉。

笔尖扭动着牵动雷雨的锋面，
要赠予故乡的麦田一场甘霖；

时时在涨满的妄想只得从笔尖倾吐，
请原谅我对你的名字一次又一次的亵渎。

收起"
时间里的,民谣,"作曲 : 马頔
作词 : 马頔
那时你只有18岁 第一次看见你
你扎着长长的马尾 面朝大海

那时你爱顾城的诗 也学他总戴帽子
你总说我是个任性的孩子

那时你21岁了 为自由剪去你的长发
你不相信天是蓝的 装聋作哑

你总爱站在窗子前 诉说你昨晚做过的梦
你说会梦见我 不相信

那时你25岁了 我们赤裸在床上抽烟
你说我们是两座孤岛 永不能相接

你吹灭最后的蜡烛 轻轻亲吻我的眼
你说亲爱的 我不在了 你还有谁呢

那天是你30岁的生日 重新留起了你的长发
向窗下洒你写的日记 沉默不语

你说害怕别人看见它 应该把它们撕碎吧
你跳下去了 很久没回来

亲爱的你还不回来 天已黑了
天黑了 亲爱的你去哪儿了

亲爱的你还不回来 天已黑了
天黑了 我们的孩子睡着了

亲爱的你还不回来 天已亮了
天亮了 亲爱的你去哪儿了

天亮的时候 你还没回来
亲爱的 我们的孩子醒来了
收起"
农夫渔夫,民谣,"作曲 : 小猛
作词 : 小猛
如果有一天我能够拥有一个大果园
我愿放下所有追求做个农夫去种田
每一个早晨我耕耘在绿野田园
每一个黄昏我守望在乡间的麦田
我会把忧虑都融化在夕阳里
让孤独的心等待秋收的欢喜
哦如果那个时候我身边没有女朋友
我不介意谁会来给我一个周末的问候
哦如果那个时候我依然牵着她的手
我们会幸福的坐上树枝头
如果有一天我能够拥有一条渔船
我愿放下所有执着做个渔夫住在海边
每一个早晨我航行在晨曦的海面
每一个黄昏我遥望在无尽的海云间
我会把思绪都消失在波涛里
让澎湃的心等待风雨后的平息
哦如果那个时候我身边没有女朋友
我不介意谁会来给我一个周末的问候
哦如果那个时候我依然牵着她的手
我们会幸福的坐上弯弯船头
哦如果那个时候我身边没有女朋友
我不介意谁会来给我一个周末的问候
哦如果那个时候我依然牵着她的手
我们会幸福的坐上弯弯船头
我们会停泊在爱人的码头
收起"
雀斑少女,民谣,"作曲 : 谢春花
作词 : 谢春花
制作人：谢知非 （谢春花）
编曲：小皮
吉他：卢山
贝司：王丹
键盘：张利波
录音：上海时间音乐工作室
制作助理：靳金陵
混音、后期：小皮
雀斑少女她戴红花
走在乡间小道上
背后背着个大箩筐
一左一右在摇晃
雀斑少女她不美丽
麻花辫儿黄又细
可是有人为她着迷
说你是我的唯一
向前走呀 往后看
忐忑呐又不安
向前走呀 往后看
忍不住回头看
向前走呀 往后看
哥哥他说会来
向前走呀 往后看
你到底来不来
雀斑少女把歌儿唱
哥哥要她当新娘
一路小跑到山顶上
盼望他快点来到
雀斑少女把羊儿放
懒懒躺在草地上
日子就这样过去
哥哥现在在哪里
向前走呀 往后看
忐忑呐又不安
向前走呀 往后看
忍不住回头看
向前走呀 往后看
哥哥他没有来
向前走呀 往后看
哥哥他不会来
呀咿呀哟喂
呀哟哟哟
呀儿么咿呀喂
呀咿呀哟喂
呀喽喽喽
呀儿么咿哟喂
呀咿呀哟喂
呀哟哟哟
呀儿么咿呀喂
呀咿呀哟喂
呀喽喽喽
呀儿么咿哟喂
呀儿么咿哟喂
收起"
未梦及半,民谣,"作曲 : 程佳乐
作词 : 程佳乐
编曲：程佳乐
鼓 ：孙诗怡（小公举乐队鼓手）
大提琴：徐明珠 小提琴：石爽
演唱：程佳乐 和声：程佳乐以及他的小可爱们
（一首承载了太多回忆的歌曲，将它重制，感谢各位的参与）
你是九月的梦中浓冬
而我躲在梦里边
你说 别再 孤单
梦里我站在西安城外
而你背对着远方
我说 别再 晚安
凌晨四点钟的街道终于安静
而你站在昨天不愿走远
你说明天的我会忘了你
我说 晚安
你是九月的梦中浓冬
而我躲在梦里边
你说 别再 孤单
梦里我站在西安城外
而你背对远方
我说（我说） 别再（别再) 晚安(晚安）
凌晨四点钟的街道
终于安静
而你站在明天
不愿回头
我说昨天的你已忘了我
你说 晚安
你是九月的梦中浓冬
而我躲在梦里边
你说（你说） 明天（明天） 太远（太远）
梦里我站在西安城外
而你背对着远方
我说（我说） 别再（别再） 晚安（晚安）
梦里梦见的都是生活
生活不及一半
凌晨四点钟的街道
我想着你....
收起"
城市之光,民谣,"城市之光/2014.03.15
词/曲/混音：冯佳界
编曲：冯佳界/张亦弛

雪落在繁华巷口的墓碑
这里曾埋葬我夭折的梦
凶手们纸醉金迷 灯红酒绿

我背负着他们冰冷的城市
我被那些目光 驱赶和追赶
今夜的残羹冷炙 在哪个角落

为什么是他们占有这城市
我要把这世界 掀翻和推翻
我会让他们领教 我的危险

仇人的女儿温柔地微笑着
吹落我满身的灰
吹落我手中的刀锋和啤酒

我只能在她期待的目光里
撕掉那虚伪的疤
独自面对满地白雪

从未如此地渴望着
一个温暖的怀抱
我知道有人在哭着
看我一路向前走


——仇恨不会构筑你梦想的城市。
它擅长的是毁灭，
毁灭他人前先毁灭自身。


这城市的灯火不为我灿烂
这苍白的抱怨 优雅的借口
它是我的防弹衣 我的坟墓

我破旧的屋宇 温暖的炉火
我窗外的暴风 遥远的理想
它们在沉默等待 我的选择

仇人的女儿温柔地微笑着
吹落我满身的灰
吹落我手中的刀锋和啤酒

我只能在她期待的目光里
撕掉那虚伪的疤
独自面对满地白雪

从未如此地渴望着
一个温暖的怀抱
我知道有人在哭着
看我一路向前走

城市之光/2014.03.15
词/曲/混音：冯佳界
编曲：冯佳界/张亦弛

收起"
窗外花开,民谣,"缩混：张楠

窗外花儿又开了
还是那年颜色
伸手去折却又回来
忘了只有你才值得
忘了我们没有结果
随手翻开微博
看你那么快乐
说真的我有些酸了
就算我们回到从前
我猜依旧会是这样
你问在我心里还有什么
有我曾写给你的歌
有些已经唱给你听了
有些还没来得及
却唱不出来
眼中不再会有泪水滑落
还有那种给你的执着
某一天我从梦中醒来
再也不会相信我们
曾有过

随手翻开微博
看你那么快乐
说真的我有些酸了
就算我们回到从前
我猜依旧会是这样
你问在我心里还有什么
有我曾写给你的歌
有些已经唱给你听了
有些还没来得及
却唱不出来
眼中不再会有泪水滑落
还有那种给你的执着
某一天我从梦中醒来
再也不会相信我们
你问在我心里还有什么
有我曾写给你的歌
有些已经唱给你听了
有些还没来得及
却唱不出来
眼中不再会有泪水滑落
还有那种给你的执着
某一天我从梦中醒来
再也不会相信我们
曾有过

收起"
安阳安阳,民谣,"围着城市一大圈
找不到我熟悉的画面
看见夕阳把天空染红一片
也许就在某一天
你会为她改变而伤感
也许那天来了你再看不见
文峰塔顶燕子飞
白色鸽子几轮回
那座楼高过了梦想飞不回
立交桥下人儿追
火车带走了眼泪
走太急忘记了归途找不回

围着城市一大圈
找不到我熟悉的画面
看见夕阳把天空染红一片
也许就在某一天
你会为她改变而伤感
也许那天来了你再看不见
文峰塔顶燕子飞
白色鸽子几轮回
那座楼高过了梦想飞不回
立交桥下人儿追
火车带走了眼泪
走太急忘记了归途找不回

文峰塔顶燕子飞
白色鸽子几轮回
那座楼高过了梦想飞不回
立交桥下人儿追
火车带走了眼泪
走太急忘记了归途找不回
走太急忘记了归途找不回
啦啦啦啦~~
走太急忘记了归途找不回
走太急忘记了归途找不回
走太急忘记了归途找不回

收起"
额尔古纳,民谣,"作曲 : 陈鸿宇
作词 : 石文涛
编曲：杨猛/田琦/Sam夏天
吉他：杨猛
大提琴：田琦
打击乐：Sam夏天
和声：杨猛/陈鸿宇
野花过草原 再看一眼
湖面漫云烟 再看一眼
北辙到南辕 来时路远
离家难免 再多看一眼

三更忽梦 少年窗扉紧掩
旧巢客雁迁来一手新茧
额尔古纳的水依旧是清甜
饮别了春深 又别过时年

一晃又一眼 怎么发现
往来都擦肩 归途蜿蜒
雨中那纸鸢 儿时手中线
我会慢点 却不敌时间

灯火已奄奄 且笑且懒倦
五更未眠 蝴蝶捉住少年
春天恋夏天倦秋天困住冬天
乡音未变 只少了心心念

一晃又一眼 怎么发现
往来都擦肩 归途蜿蜒
雨中那纸鸢 无缘手中线
我会慢点 再慢一点
一晃又一眼
往来都擦肩
雨中 纸鸢 无缘
光阴不言 再慢一点

野花过草原 再看一眼
湖面漫云烟 再看一眼
北辙到南辕 来时路远
离家难免 再多看一眼

收起"
"云烟成雨
动画《我是江小白》片尾曲",民谣,"作曲 : 少年佩
作词 : 墨鱼丝
制作人：黎偌天
编曲：黎偌天
监制：李纤橙

你的晚安 是下意识的恻隐
我留至夜深 治疗失眠梦呓
那封手写信 留在行李箱底
来不及 赋予它旅途的意义
若一切 都已云烟成雨
我能否 变成淤泥
再一次 沾染你
若生命 如过场电影
Oh让我再一次 甜梦里惊醒
我多想再见你
哪怕匆匆一眼就别离
路灯下昏黄的剪影
越走越漫长的林径
我多想再见你
至少玩笑话还能说起
街巷初次落叶的秋分
渐行渐远去的我们
若一切 都已云烟成雨
我能否 变成淤泥
再一次 沾染你
若生命 如过场电影
Oh让我再一次 甜梦里惊醒
我多想再见你
哪怕匆匆一眼就别离
路灯下昏黄的剪影
越走越漫长的林径
我多想再见你
至少玩笑话还能说起
街巷初次落叶的秋分
渐行渐远去的我们
站台 汽笛响起
想念是你的声音
我们提着过去 走入人群
寻找着一个位置 安放自己
我多想再见你
哪怕匆匆一眼就别离
路灯下昏黄的剪影
越走越漫长的林径
我多想再见你
至少玩笑话还能说起
街巷初次落叶的秋分
渐行渐远去的我们

主唱：红鼻子小黑
制作人：黎偌天
监制：李纤橙
收起"
嘿，抬头！,民谣,"作曲 : 贰佰
作词 : 贰佰
我有一个朋友
三年前认识他的时候
他还不像现在这样消瘦
他总是低着头
翻一翻手机里过去的相片
发几条微博
记录着自己的生活
他总是一个人过着
没事就听一听安静的歌
在每一个孤独的夜晚
他总是喝多了酒
有时候他会想起那些远在远方的老朋友
也经常想起那些曾经的爱情和他一起牵过的手
他不会像大部分的男人一样过着平庸的生活
在每个灿烂的星空下
他总说
嘿，抬头！
哎……我的这个朋友
他说在他年轻的时候
也像我一样奋不顾身的为了爱情和自由
他总是抽着烟
向别人诉说他失败的婚姻
和那些值得让他骄傲的曾经和过去
他热爱现在这样的生活
不会在碌碌无为中度过
愿我在四十岁的年纪
也能像他一样牛逼
有时候他会想起那些远在远方的老朋友
也经常想起那些曾经的爱情和他一起牵过的手
我会不会像他一样
在不惑之年的时候
一个人穿过拥挤的人流
错过了就别回头
有时候我也会想起那些远在远方的老朋友
也经常怀疑到底会有什么样的爱情能永垂不朽
我不会像大部分的男人一样过着平庸的生活
在每个灿烂的星空下
对自己说
嘿，抬头！
收起"
认真地老去,民谣,"作曲 : 张希
作词 : 张希/曹方
编曲：张希
忘了什么时候开始
到清晨才能入睡
也忘了什么叫做结尾
又有谁在乎呢
凌晨三点的窗前
播放着那段时光
有一个骄傲的少年
隐藏他的青春
嗯……
不如让我忘了自己
你觉得怎么样呢
在每个向往的地方
释然一个遗憾
躺在我怀里的吉他
好像厌倦了我
重复最熟悉的段落
好像无话可说
这生命正值春光
别装作刀枪不入的模样
别错过年轻的疯狂
时光很匆忙
别错过日落和夕阳
不论在哪里呀
来不及认真地年轻过
就认真地老去
又一次和你擦肩而过
一毫米的距离
请你（让我）再次抱起吉他
为你唱那一首歌
重复最熟悉的段落
就当明天不在
没有永远的年轻
没有唱不完的歌
当所有人都离去
我也将要离去
这生命正值春光
别装作刀枪不入的模样
别错过年轻的疯狂
时光很匆忙
别错过日落和夕阳
不论在哪里呀
来不及认真地年轻过
就认真地老去
又一次和你擦肩而过
一毫米的距离
别错过年轻的疯狂
时光很匆忙
别错过日落和夕阳
不论在哪里呀
来不及认真地年轻过
就认真地老去
又一次和你无话不说
开始对话以前

制作人：张希
吉他：张希
钢琴：张希
录音师：时俊峰
录音棚：福达录音室
混音：瞿然
混音棚：福气录音棚

收起"
给郁结的诗,民谣,"作曲 : 小安
作词 : 小安
我喜欢站在未完工的两广路上喊你的名字
除你之外我对眼前的整座城市一无所知
我热爱你的心灵就像是那个下午的阳光
我喜欢走你走过的楼梯由下到上

那个夏天在我记忆里犹如一幅空白的画
你送我的橡皮在我送你的白纸上轻轻涂擦
我背向你用手中湿润的杯子去接取太阳
然后紧闭双眼默默地想你穿裙子的模样

是不是给你的诗将注定了一辈子的忧伤
昨天我坐在未完工的两广大道上想你的时候
已经冬天了


天上看不见风筝
只有夏天断线的几只
远成了星
和你的眼一般明亮

大地被水泥封住了喉咙哑作一团的时候
我还在漆黑的大道上找回家的路

黑夜的密度足将天空溶起
大地上只留下我沉没的心
风撕下黄昏的片断然后跌碎成万家灯火
我肩上的烛光
在未完工的两广路上被下一次风吞灭

顺光线而逃出
却并非幸福的路
是不是坐在雕塑后面晒太阳的老人
偷走了我的青春
是不是我的背影注定和这黑夜分不出彼此

如果蓝色就是忧郁
在海边我就要把你死死抱住
直到天明
直到天明

是谁在唱那首没有名字的歌 你听
是梦 是影 你是我的眼睛

收起"
胸大的姑娘,民谣,"作曲 : 留声
作词 : 留声
我有没有跟你说过
我内标致的女朋友
给你看看照片吧
就是那个胸大的姑娘
我有没有跟你说过
我是一个妻管严
这不代表我怕她
只是不想她说话声太大
你好奇的问我
打算什么时候结婚呐
我摇着头跟你说
我现在还爱着她
你好奇的问我
你爱她怎么不结呐
我悄悄的对你说
等不爱了再结吧
我有沒有跟你說過
我的身邊不再有她
不知道 她還好嗎
有沒有人給她一個家
別問我 是否還愛著她
我也不知如何回答
記住的都是幸福啊
還有不能放下的牽挂
我有没有跟你说过
我内标致的女朋友
给你看看照片吧
就是内个胸大的姑娘
就是内个胸大的姑娘
就是内个 我爱的 姑娘
收起"
斑马，斑马,民谣,"斑马斑马 你不要睡着啦
再给我看看你受伤的尾巴
我不想去触碰你伤口的疤
我只想掀起你的头发
斑马斑马 你回到了你的家
可我浪费着我寒冷的年华
你的城市没有一扇门为我打开啊
我终究还要回到路上
斑马斑马，你来自南方的红色啊
是否也是个动人的故事啊
你隔壁的戏子如果不能留下
谁会和你睡到天亮
斑马斑马 你还记得我吗
我是只会歌唱的傻瓜
斑马斑马 你睡吧睡吧
我会背上吉他离开北方
斑马斑马 你会记得我吗
我是强说着忧愁的孩子啊
斑马斑马 你睡吧睡吧
我把你的青草带回故乡
斑马斑马 你不要睡着了
我只是个匆忙的旅人啊
斑马斑马 你睡吧睡吧
我要卖掉我的房子
浪迹天涯
收起"
狗日的青春,民谣,"我站在大雨淹没秋天的桥上
就像那年第一次看见你一样
时间是扇颠沛流离的大门
平凡的我们注定孤独一生
日子一天一天就这样过去
那些荒诞的时光都已经忘记
想起那些慢慢变的陌生的朋友
一回头 青春都喂了狗
喝醉的时候我又想起你
想起陪你度过的每一个夜晚
你走的时候我都没有留你
选择和谁一起度过余生是你的权利
日子一天一天就这样过去
那些荒诞的时光都已经忘记
想起那些慢慢变的陌生的朋友
一回头 青春都喂了狗
喝醉的时候我又想起你
想起陪你度过的每一个夜晚
你走的时候我都没有留你
选择和谁一起度过余生是你的权利
一个人的时候我又怕想起你
怕你还能不能和从前一样
我们的人生竟是如此相同
流干了理想的血都来不及歌颂
日子一天一天就这样过去
那些荒诞的傻逼的时光都不该忘记
想起那些慢慢失去联系的朋友
一回头 青春都喂了狗
收起"
和你在一起,民谣,"昨天在梦里
我又看见你
宝贝 他们说 我不爱你
你拥有我的
不只是今夜
可是 你比我 小了六岁
如果我们不能结婚
你怎么受得了
宝贝 我知道 虽然你不说
如果我们就要结婚
我怎么能受得了
宝贝 别在夜里等我



我已经不会
经常想她们
可是 过去 怎能全忘记
你不相信我
也不会再说
宝贝 随便吧 随便吧
我想和你在一起
直到我不爱你
宝贝 人和人 一场游戏
我愿意为你死去
如果我还爱你
宝贝 反正活着 也没意义
我要和你在一起
直到我不爱你
宝贝 人和人 一场游戏
我愿意为你死去
如果我还爱你
宝贝 我也只能 这样为你
宝贝 我也只能 这样为你
宝贝 我也只能 这样为你
收起"
卡尔加里路,民谣,"当我定在城市另一边
荒野的风涌入脑海里
我用呼吸拥抱这一天
看到满是回忆那条街
在第二十八个夜晚
渐渐消失的冬天
让匆忙的人迷失了方向
在你熄灭的时候
但你却没有枯萎
像当你出生时的那样
我穿过
卡尔加里路
如期而至回忆的风雪
我穿过
卡尔加里路
擦身而过陌生红叶
我穿过
卡尔加里路
光阴涣散归途已不见
我穿过
卡尔加里路
穿不过的卡尔加里路
当我定在城市另一边
荒野的风涌入脑海里
我用呼吸拥抱这一天
看到满是回忆那条街
在第二十八个夜晚
渐渐消失的冬天
让匆忙的人迷失了方向
在你熄灭的时候
但你却没有枯萎
像当你出生时的那样
我穿过
卡尔加里路
如期而至回忆的风雪
我穿过
卡尔加里路
擦身而过陌生红叶
我穿过
卡尔加里路
光阴涣散归途已不见
我穿过
卡尔加里路
穿不过的卡尔加里路
收起"
阁楼上的猫,民谣,"阁楼上的猫
作词：刘昰
作曲：刘昰
作曲 : 刘昰
作词 : 刘昰
坐在阁楼的床边
望着窗外灰色瓦片
慵懒的猫儿躲在
睡倒在叶子里面
也许它曾被抛弃
也曾有快乐的模样
孤单的转头看我
我也没来得及闪躲
总是在对望的时候才发现那就是我
从我的眼睛看到它的眼睛看它的我
我还不知道该怎么诉说
所以写下这首歌
愿你有流浪四方有家可归的生活
别让挫败的生活让你变的脆弱
尽管那是没意义的结果
经历了之后再说
…….
是我让你难过了吗
你转头不再看我
望着身旁的高楼
难道你也想有个归宿
我想你在此时此刻
什么都不想说
别哭泣别失落
相信你的身边还有我
总是在对视的时候才发现那就是我
从我的眼睛看到它的眼睛看它的我
我还不知道该怎么诉说
所以写下这首歌
愿你有流浪四方有家可归快乐的生活
别让挫败的生活让你变的的脆弱
尽管那是没意义的结果
经历了之后再说
我还不知道该怎么诉说
所以写下这首歌
我还不知道该怎么诉说
所以写下这首歌
收起"
赤脚的孤儿,民谣,"作曲 : 马融
作词 : 马融
你的话题 让我回想起
关于一个孩子的经历
到现在 我还能够回想起
白色的衣领 和她的气息
我想抹去 她曾恐怖的经历
别害怕 我会陪着你
你说 你最害怕黑夜中的自己
也让我 慢慢的离去
我是一个赤脚的孤儿
曾在每个黑夜里都能看见你
如果有一天我长大了
就会像你说的那样遗忘你
我是一个赤脚的孤儿
曾在无数个黑夜里你对我说
如果有一天我改变了
就会像你说的那样 忘记
这生活 像一场游 戏
不停考验着我 也让我不停哭泣
这情景像是刚刚发生过去
人生应该是 一场旅行
我是一个赤脚的孤儿
曾在每个黑夜里都能看见你
如果有一天我长大了
就会像你说的那样遗忘你
我是一个赤脚的孤儿
曾在无数个黑夜里你对我说
如果有一天我改变了
就会像你说的那样 忘记
就会像你说的那样 忘记
就会像你说的那样 忘记
收起"
即便最了然,民谣,"作曲 : 谢春花
作词 : 谢春花
制作人：谢知非（谢春花）
编曲：小皮
贝司：王丹
键盘：张利波
录音：上海时间音乐工作室、杭州麦麦童声
制作助理：靳金陵
混音、后期：小皮
在一艘狭窄小船上
驶向彼此的海
温柔细密吹过的风
把冷漠变得懈怠
船帆才展露棱角
就拱手让出浅滩
而你的彼岸
却和我无关
从一面宽长镜子中
打量彼此的爱
或轻或重你给的痛
不知几时能忘怀
若再予我走一回
此次也不思悔改
即便最了然
前路多惨淡
最怕的遇见的就是你
是梦里遇见的你
忽来的不安的重逢
多么凌乱不堪
最怕的梦见的就是你
是遇见梦中的你
昏沉的难逃的嘲讽
如此肝肠寸断
从一面宽长镜子中
打量彼此的爱
或轻或重你给的痛
不知几时能忘怀
若再予我走一回
此次也不思悔改
即便最了然
前路多惨淡
最怕的遇见的就是你
是梦里遇见的你
忽来的不安的重逢
多么凌乱不堪
最怕的梦见的都是你
是遇见梦中的你
昏沉的难逃的嘲讽
如此肝肠寸断
最怕的梦见的就是你
是遇见梦中的你
忽来的不安的重逢
如此肝肠寸断
收起"
荏苒冬春去,民谣,"作曲 : 谢知非
作词 : 谢知非
编曲：小皮
昨夜雪忽来
满山满树银花开
像是你踏雪而来
眼神温热却满身斑白
犹记你钟爱
吟山咏水欢颜开
今宵却写尽无奈
书信纸笺已满是尘埃
花开人渐欢
花落人无奈
今夕何夕故人不来迟暮连山黛
人老相会难
任时光荏苒
冬去春来月盈日衰过往已残败

犹记你钟爱
吟山咏水欢颜开
今宵却写尽无奈
书信纸笺已满是尘埃
花开人渐欢
花落人无奈
今夕何夕故人不来迟暮连山黛
人老相会难
任时光荏苒
冬去春来月盈日衰过往已残败
花开人渐欢
花落人无奈
今夕何夕故人不来迟暮连山黛
人老相会难
任时光荏苒
冬去春来月盈日衰过往已残败


收起"
我们不知道,民谣,"作曲 : 张尧
作词 : 张尧
月儿弯啊弯
云儿飘啊飘
树儿摇啊摇
我们不知道
风筝转啊转
花儿笑啊笑
蝴蝶逃啊逃
我们不知道
夏夜的风吹的那么孤独
撩起来的发全是被辜负的时光啊
直到有一天我在你的梦里 屏住呼吸
直到有一天我在你的梦里 屏住呼吸
交织的城市 陌生的你
交织的城市 陌生的你
月儿弯啊弯
云儿飘啊飘
树儿摇啊摇
我们不知道
风筝转啊转
花儿笑啊笑
蝴蝶逃啊逃
我们不知道
像鸽子偶尔飞过的海面
像情人牵手走过的河边
你停停走走 停停走走
你停停走走 停停走走
而我像是度过了很多年
夏夜的风吹的那么孤独
撩起来的发全是被辜负的时光啊
直到有一天我在你的梦里 屏住呼吸
直到有一天我在你的梦里 屏住呼吸
交织的城市 陌生的你
交织的城市 陌生的你
交织的城市 陌生的你
交织的城市 陌生的你
月儿弯啊弯
云儿飘啊飘
树儿摇啊摇
我们不知道
风筝转啊转
花儿笑啊笑
蝴蝶逃啊逃
我们不知道
月儿弯啊弯
云儿飘啊飘
树儿摇啊摇
我们不知道
风筝转啊转
花儿笑啊笑
蝴蝶逃啊逃
我们不知道
收起"
尘埃里的花,民谣,"作曲 : 李东勇
作词 : 唐钰杰
日子一天天沉默不说话
谁曾想在歌里又撞见了她
跃动的白鸽那青春的诗行
从胸口跳出奔赴欲望
时光啊时光掐灭我的烟吧
没有一个值得宽容的傻瓜
时光啊时光抹掉她的妆吧
放过那朵尘埃里的花
此去经年依偎变成牵挂
蒲公英被风吹散咫尺天涯
电话那头声音真的是她吗
还是说寂寞在自说自话
时光啊时光掐灭我的烟吧
没有一个值得宽容的傻瓜
时光啊时光抹掉她的妆吧
放过那朵尘埃里的花
是谁说诗句好听胜过谎话
爱情的意义又有人质问过吗
各自前行过客归人谁去管他
擦肩后谁还会回眸呢
收起"
达摩流浪者,民谣,"作曲 : 万晓利
作词 : 万晓利
沿着这条路一直朝前走
在不远的地方就有一个路口
你可以向左转也可以朝前走
但是你不能停留
不要抬头四处张望
这里没有你要的好风光
不要等待幻想更不要奢望
这里没人歌唱
没有谁能将你阻挡
竖起的拇指像山峰庄严坚强
山里藏着你的愿望像母亲的召唤
那一碗鹰嘴豆培根汤

背着背包不停跳跃
不去想下一步会在哪里落脚
眼前巍峨高山脚下蓝色湖泊
让你安宁喜乐
燃起营火温暖田野
闭上双眼为这世界的友情祷告着
岩石般的沉默孩子般的无邪
心里怀着春天
平静孤独快乐幸福
在这条没有行人的路上
那钻石般的光芒永远年轻
永远的热泪盈眶

收起"
花落知多少,民谣,"作曲 : 倪健
作词 : 倪健
制作人：董长跃
编曲：董长跃
吉他：董长跃
弦乐编写：刘晓光
大提琴： 赵云鹏
混音： 付鹏
录音：李浩
出品方：众乐纪

你将在今夜中离去
我也从梦中惊醒
窗外的风吹乱了你的长发
漫天的花也散落天涯

走吧黄昏会告诉你
直到冰雪融去
睁开眼吧去看那古老的枝芽
散落的花也各自为家

你看冬夜渐暖了
你看花儿也开了
你看春风也来了
你看爱人也走了
你听孩子也笑了
你听野草也枯了
你听时光也睡了
你听我们也老了

走吧黄昏会告诉你
直到冰雪融去
睁开眼吧去看那古老的枝芽
散落的花也各自为家

你看冬夜渐暖了
你看花儿也开了
你看春风也来了
你看爱人也走了
你听孩子也笑了
你听野草也枯了
你听时光也睡了
你听我们也老了

la ~~ la~ la~

漫天的花也散落天涯
散落的花也各自为家
收起"
民谣在路上,民谣,"作曲 : 前冲
作词 : 前冲
曾想要一个人去很远方
看一看雅鲁藏布江
不知道这一条路有多长
寻找着心中的方向
也曾想一个人去流浪
看一看时间的沧桑
体会着欢乐和悲伤
背着吉他四处飘荡
跨过了山河水两旁
看过了天边最美的夕阳
穿过了城市和小村庄
抬头望见沉默的月亮
就这样一路走一路唱
唱过了青春年少时光
有一天你也会在身旁
陪我唱着民谣在路上
跨过了山河水两旁
看过了天边最美的夕阳
穿过了城市和小村庄
抬头望见沉默的月亮
就这样一路走一路唱
唱过了青春年少时光
有一天你也会在我的身旁
陪我唱着民谣在路上
收起"
一个人上路,民谣,"一直不停的雨天
坐在车站的最里面
人群不停地穿梭
却始终不见你经过
厦门的天空很蓝
风吹过南海到北岸
海看过很多很多
心里面却还是失落
说好的旅行啊
你已经缺席了啊
于是啊我决定
一个人上路了啊
一直不停的雨天
坐在车站的最里面
人群不停地穿梭
可你还是没有经过
厦门的天空很蓝
风吹过南海到北岸
海看过很多很多
心里面有一点失落
说好的旅行啊
你已经错过了啊
于是啊我决定
一个人继续前行
收起"
晴日共剪窗,民谣,"作曲 : 程璧
作词 : 程璧
在忘了多久的以前
有过一首诗 它是这样唱
庭前花木满 院外小径芳
四时常相往 晴日共剪窗
在我很小很小的时候
曾经有个四合小院
那里住着我和奶奶
还有一只小花猫
那时的小院种满了花
台阶下面有青草
那时的我呀手里拿一本
唐诗宋词三百首
那时的奶奶教我念
白鹅曲项向天歌
等到太阳明亮的时候
还会教我剪窗花
那是我最难忘的过去
常常出现在梦里
于是后来我学会了写字
于是有了这首诗
庭前花木满 院外小径芳
四时常相往 晴日共剪窗
Guitar Solo
那是我最难忘的过去
常常出现在梦里
于是后来我学会了写字
于是有了这首诗
庭前花木满 院外小径芳
四时常相往 晴日共剪窗
啦啦..啦啦啦…
收起"
我的枪声里,民谣,"作曲 : 晓月老板
作词 : 晓月老板/姜大川
十年前我的音乐老师
卖给我人生中的第一把吉他
但那时无知的我不知道
当一个文艺青年要多艰辛
那时候我们看点萌芽郭敬明安妮宝贝
就被折腾的流鼻涕
这些陪伴你上了大学
眼看已经走上社会大学毕业
现在上班下班的苦逼人士
必定打败每天发微博的小清新
就是那些连放个屁
都得在朋友圈说一句的亲
在咖啡店点康宝蓝
和在酒吧点B52都是一样的人
他们要瓶百威坐一宿啊
就是为了钓个姑娘回家亲
如果二手玫瑰玩起了HIP-POP
如果左小祖咒唱歌不跑调
如果陈绮贞玩起了朋克
如果新裤子玩起了哥特
如果邵小毛爱上沈黎晖
如果痛苦的信仰出了柜
如果陈奕迅娶了蔡健雅
如果谢天笑剪掉一头长发
如果反光镜变成合唱团
如果吴青峰抛弃了张悬
如果宋冬野越来越瘦了
如果陈丹青再也不画画
李志又唱了梵高先生
阴三儿开始谈论理想人生
如果扭机的纹身走了样
如果我们开始听杨臣刚
如果二手玫瑰玩起了HIP-POP
如果左小祖咒唱歌不跑调
如果陈绮贞玩起了朋克
如果新裤子玩起了哥特
如果邵小毛爱上沈黎晖
如果痛苦的信仰出了柜
如果陈奕迅娶了蔡健雅
如果谢天笑剪掉一头长发
如果反光镜变成合唱团
如果吴青峰抛弃了张悬
如果宋冬野越来越瘦了
如果陈丹青再也不画画
李志又唱了梵高先生
阴三儿开始谈论理想人生
如果扭机的纹身走了样
如果我们开始唱李玉刚
你存在我深深的脑海里
我的梦里我的心里
我的枪声里
你存在我深深的脑海里
我的梦里我的心里
我的枪声里
你存在我深深的脑海里
我的梦里我的心里
我的枪声里
你存在我深深的脑海里
我的梦里我的心里
我的枪声里
收起"
秋叙道别时,民谣,"作曲 : 刘昊霖
作词 : 唐映枫
无事风尘的秋
我四季的亲人
迁户城南十里
野火依然
叫卖“时光”那谁
他走错宁静湖
在提灯而来的夜
诗人已打烊
世间的细语声
来去如知更
人是如往常一样
十月已没有再下雨
梧桐几叶 飘荡
换下一身风浪
将年岁换上
十月已没有再下雨
拾趣晚风 记秋凉
年少时爱回望
记错爱的人
无事风尘的秋
我四季的亲人
裁去疲倦的笑
衬新衣裳
叫卖“往昔”那谁
他走错来时路
在提灯而来的夜
诗人已打烊
世间的细语声
来去如知更
人是如往常一样
十月已没有再下雨
梧桐几叶 飘荡
换下一身风浪
将年岁换上
十月已没有再下雨
拾趣晚风 记秋凉
年少时爱回望
记 错爱的人
啦啦啦~~~
换下一身风浪
将年岁换上
啦啦啦~~
年少时爱回望
记 错爱的人
啦啦啦~~
年少时爱回望
记 错爱的人
啦啦啦~~
年少时爱回望
记 错爱的人
收起"
含笑有白鹭,民谣,"作曲 : 崔开潮
作词 : 崔开潮
朝起无声 河船寂沉
白鹭先生 睡眼朦胧
灯亮南针 指引旅人
桥影藻密 神明宁静
转至桥头 无可诗意
生存如鬼 吞没纸笔
古老歌谣 温柔依样
异乡的汤 洗涤惆怅
让我脱下捆绑 孤绝飞一趟
让我望水面映 我赤裸模样
让我了却遗忘 五谷与稻仓
让我夕拾朝花 破轮回复往
.
晏然爱你 不言不语
白鹭先生 含笑归来
石岸移接 栖树峰边
夕阳如灯 潮落无声
转至桥头 无可诗意
生存如鬼 吞没纸笔
古老歌谣 温柔依样
孟婆的汤 洗涤惆怅
让我脱下捆绑 孤绝飞一趟
让我望水面映 我赤裸模样
让我了却遗忘 五谷与稻仓
让我夕拾朝华 破轮回复往
让我随你走入 光影中一斛
淡淡铺落心途 把路看清楚
让我偏执坠入 不管也不顾
淡淡思量有你 含笑有白鹭
收起"
我只是经过,民谣,"作曲 : 陈鸿宇
作词 : 唐映枫
吉他：孙鹏
编曲：赵鑫
混音：郝昕
睡房一端
被日光泻满
啤酒几罐
你的诗写 我都乱弹
唱碟旋转
你忽而向晚
来去也慢
暮色弄脏 冬夜被单

经过
两人听窗圆满
途经过臂弯
经过
盲目平淡喜欢
一滴点波澜

来信烧完
再消磨苦短
旧日遗憾
随缘撩散 可有清还
在我身畔
你客居一段
夜车星繁
寂寥闪烁 时而晦黯

经过
小雪街灯取暖
途经过痴缠
经过
玫瑰雾色晚餐
去不到晚安
只好 各自聚散

也好 各自无关
只好 各自聚散
也好 各自无关

收起"
"奇妙能力歌
Demo",民谣,"作曲 : 陈粒
作词 : 陈粒
我看过沙漠下暴雨
看过大海亲吻鲨鱼
看过黄昏追逐黎明
没看过你
我知道美丽会老去
生命之外还有生命
我知道风里有诗句
不知道你
我听过荒芜变成热闹
听过尘埃掩埋城堡
听过天空拒绝飞鸟
没听过你
我明白眼前都是气泡
安静的才是苦口良药
明白什么才让我骄傲
不明白你
我拒绝更好更圆的月亮
拒绝未知的疯狂
拒绝声色的张扬
不拒绝你
我变成荒凉的景象
变成无所谓的模样
变成透明的高墙
没能变成你
我听过空境的回忆
雨水浇绿孤山岭
听过被诅咒的秘密
没听过你
我抓住散落的欲望
缱绻的馥郁让我紧张
我抓住时间的假想
没抓住你
我包容六月清泉结冰
包容暮老的生命
包容世界的迟疑
没包容你
我忘了置身濒绝孤岛
忘了眼泪不过失效药
忘了百年无声口号
没能忘记你
我想要更好更圆的月亮
想要未知的疯狂
想要声色的张扬
我想要你
收起"
啊朋友 再见,民谣,"【蒋明】
啊朋友 我们以为老去是件漫长的事
有时候它是一夜之间
在清晨的镜子看见苍白的自己
像一颗正在消失的流星
【冬子】
啊朋友 圣贤说那坚持一定成功的事
头悬梁锥刺股三顾茅庐
相信它的人就像相信一个漫长玩笑
不信它的人已没了灵魂
【刘东明】
啊朋友 电影里面那些不曾怀疑的事
蒋中正 潘冬子 还有雷锋
没困难我们创造困难也要往前冲
坚持做未来世界主人翁
【好妹妹】
啊朋友 告诉我 相遇是件宿命的事
告诉我忠贞与背叛之间
如果说所有约定都是错误的开始
这一路我愿把自己埋葬
当我离去 在你的怀里
请让我化作不停飞翔的鸟
当我离开 在这个世界
我愿是一块不说话的石头

【钟立风】
啊朋友 千里夜奔是件快意恩仇的事
醒来后那总是梁山一梦
在路上在7月在我们的清晨日暮
谁不是运数不定的蝼蚁
【小河】
啊朋友 我们以为哭泣是件软弱的事
当眼泪无声地化为白雪
谁会在告别时握一握你微微的手
就像你出生时妈妈的抚摸
【合】
当我离去 在你的怀里
请让我化作不停飞翔的鸟
当我离开 在这个世界
我愿是一块不说话的石头
啊朋友再见 啊朋友再见
啊朋友再见吧 再见吧再见吧
如果我在生活中牺牲
你一定把我来埋葬
如果我在生活中牺牲
请不要把我来怀念
啊朋友再见 啊朋友再见
啊朋友再见吧 再见吧再见吧
如果我在生活中牺牲
你一定把我来埋葬
如果我在生活中牺牲
请不要把我来怀念

找啊找啊找朋友 找到一个好朋友
敬个礼呀握握手 你是我的好朋友
再见
收起"
Landing Guy,民谣,"作曲 : 刘昊霖
作词 : Kidult.
Right I die. My life before my eyes.
生命于我眼前支离破碎
As I was hang there,I see wonderland.
尚存一息我眼见了仙境
I don’t really see much of anything.
那里几乎空无一物
But I see you.That is crazy.
却出现了你. 这疯狂至极

Your landing guy is home.
你的旅人已经回家
Oh,it's magic.oh,that's magic.
这奇妙无比，光怪迷离

Your landing guy is home.
你的旅人已经回家
Oh,it's magic.oh,that's magic.
这奇妙无比，光怪迷离

Night to day, and day to night.
白昼更迭里
All the sadness,you take my breath away.
你悲戚了我的窒息
So I cried .for all these time.
所以我不曾停止哭泣
Then I comes closes,you stare at me.
你注目着我的临近

Are we falling in love?
我们是否滋生了爱
Oh,it's magic.oh,that' s magic.
这奇妙无比，光怪迷离

Are we falling in love?
我们是否滋生了爱
Oh,it's magic.oh,that's magic.
这奇妙无比，光怪迷离

Your landing guy is home.
你的旅人已经回家
Oh,it's magic.oh,that's magic.
这奇妙无比，光怪迷离

Your landing guy is home.
你的旅人已经回家
Oh,it's magic.oh,that's magic.
这奇妙无比，光怪迷离

Oh,it's magic.oh,that's magic.
这奇妙无比，光怪迷离

Oh,it's magic.oh,that's magic.
这奇妙无比，光怪迷离
收起"
一如年少模样,民谣,"作曲 : 陈鸿宇
作词 : 唐映枫
编曲：吴涛
吉他：陈涛
贝司：张继思
鼓：毛毛
曼陀铃：吴涛
和声编写：陈晓磊
和声：陈鸿宇
录音师：张俊
缩混：吴涛

昨日担当 昨日敢想 昨日转眼 就跌撞
夏时梦长 秋时昼短 清冽途上 不远望
薄情于痴 贪小于妄 市井冷眼 没浅尝
难予疏淡 难在得失 难是求而 不得
一如彷徨一如年少时模样
寻几处好景破星光
一如原谅一如年少时模样
觅几句爱人留绵长
多少凉薄世态可动荡
还有孤独要顽抗
多少遗憾自负存念想
唯有时间不可挡

后来奔忙 后来失望 后来他乡 即故乡
困饱两餐 诗写云上 早春一去 又如常
刻骨于雪 失落于风 长情意在 夜雨香
故事易写 年岁难唱 最是此刻 不枉
一如善忘一如年少时模样
经几场圆滑换锋芒
一如流淌一如年少时模样
想避世更要在世上
多少凉薄世态可动荡
还有孤独要顽抗
多少遗憾自负存念想
唯有时间不可挡

昨日担当 昨日敢想 昨日转眼 就跌撞
夏时梦长 秋是昼短 清冽途上 不远望
薄情于痴 贪小于妄 市井冷眼 没浅尝
难予疏淡 难在得失 难是求而 不得
收起"
我从崖边跌落,民谣,"作曲 : 谢春花
作词 : 谢春花
编曲：小皮
我从崖边跌落
落入星空辽阔
银河不清不浊
不知何以摆脱
我从崖边跌落
落入丛山万座
呼声不烈不弱
梦门何故紧锁
谁引我入明火
谁推我入筐箩
谁割去我耳朵
谁圈我以绳索
谁耻笑我执着
谁把岁月蹉跎
谁碾碎了泡沫
谁心已成魔
撕破 我从崖边跌落
为何 是梦还是解脱
我从崖边跌落
落入星空辽阔
银河不清不浊
不知何以摆脱
我从崖边跌落
落入丛山万座
呼声不烈不弱
梦门何故紧锁
谁低头只沉默
谁迟疑难定夺
谁把美梦捕捉
谁将画卷涂抹
谁结束这折磨
谁轻柔的抚摸
谁纵身入湖泊
换温暖魂魄
我从崖边跌落
落入星空辽阔
银河不清不浊
不知何以摆脱
我从崖边跌落
落入丛山万座
呼声不烈不弱
梦门何故
我从崖边跌落
落入星空辽阔
银河不清不浊
不知何以摆脱
我从崖边跌落
落入丛山万座
呼声不烈不弱
梦门何故紧锁
谁引我入明火
谁推我入筐箩
谁把美梦捕捉
谁心已成魔

收起"
灯笼里的爱情,民谣,"作曲 : 倪健
作词 : 倪健
制作人：董长跃
编曲：董长跃
吉他：王铎钧
贝斯：张赛龙
鼓： 盛雄轩
键盘：钟宗豪
弦乐编写：苏航
小提琴：刘睿
大提：赵云鹏
录音师：李浩
出品方：众乐纪
混音师：付鹏
仰望着乌云密布的城市
雨水也浇湿了我们的生活
无声 无息 无解 无奈
娇艳的花儿也开始破败
我们曾说要一起挽手离开
一起去寻找那片纯净的海
途径过那片山野烂漫的深谷
去结束我们那薄情的爱
你总是望着窗外沉默发呆
隔着答案去揣摩那沉重的爱
荒诞 荒谬 不安 欺瞒
过滤的只剩下一片茫然
我们曾说要一起挽手离开
一起去寻找那片纯净的海
途径过那片山野烂漫的深谷
去结束我们那薄情的爱
我们曾说要一起挽手离开
一起去寻找那片纯净的海
途径过那片山野烂漫的深谷
去结束我们那薄情的爱
收起"
三十岁的女人,民谣,"作曲 : 赵雷
作词 : 赵雷
她是个三十岁 至今还没有结婚的女人
她笑脸中眼旁已有几道波纹
三十岁了光芒和激情已被岁月打磨
是不是一个人的生活 比两个人更快活
我喜欢 三十岁女人特有的温柔
我知道 深夜里的寂寞难以忍受
你说工作中忙的太久
不觉间已三十个年头
挑剔着 轮换着 你再三选择
她是个三十岁 身材还没有走形的女人
这样的女人可否留有当年的一丝清纯
可是这个世界有时候外表决定一切
可再灿烂的容貌都扛不住衰老
我听到 孤单的跟鞋声和你的笑
你可以 随便找个人依靠
那么寒冬后 炎夏前
谁会给你春一样的爱恋
日落后 最美的
时光已溜走
工作中 忙的太久
不觉间 已三十个年头
挑剔着 轮换着 你再三选择
那么寒冬后 炎夏前
谁会给你春一样的爱恋
日落后 最美的
时光已溜走
日落后 最美的 已溜走

收起"
下一站茶山刘,民谣,"作曲 : 少年佩
作词 : 少年佩/红鼻子小黑/李纤橙
主唱：红鼻子小黑
编曲/混音：大蔚
监制：李纤橙
时间 像武汉六月的大雨
一瞬间 淋湿了四个四季
仿佛 一切都还在原地
谈笑间 却多了分离
终于这一天来临
我们要各奔东西
那么这一餐
去桥楼还是新开的店
伤感的话不用说
忧愁的泪不用流
请往前走 不要回头
南湖大道的五三八
总会被奔驰的汽车代替呀
但那拥堵的一小时
是最美丽的虚度年华
绕不完的旧操场
也会有别人走过你我的印记呀
如果世界真那么大
我就从这里出发
宿舍楼下的流浪猫
从不爱吃你递来的火腿呀
文泰楼旁的车棚里
偶尔住着它们一家
那几个拼命的考试周
也成为往后说来就笑的珍藏啦
那八个字的校训
早已写进心底啦
岁月催促人长大
匆忙的脚步早已停不下
还没说完的话 就算了吧
总有些遗憾要学会放下
前路不需太重的行囊
和过去和解吧
我会像永远不变的时光
一如既往
哪怕从此离开了家乡

收起"
山阴路的夏天,民谣,"这次你离开了没有像以前那样说再见，
再见也他妈的只是再见
我们之间从来没有想象的那么接近，
只是两棵树的距离
你是否还记得山阴路我八楼的房间，
房间里唱歌的日日夜夜
那么热的夏天你看着外面，
看着你在消逝的容颜

我多么想念你走在我身边的样子，
想起来我的爱就不能停止
南京的雨不停地下不停地下，
就像你沉默的委屈

一转眼，我们的城市又到了夏天，
对面走来的人都眯着眼
人们不敢说话不敢停下脚步，
因为心动常常带来危险
我多么想念你走在我身边的样子，
想起来我的爱就不能停止
南京的雨不停地下不停地下，
有些人却注定要相遇
你是一片光荣的叶子落在我卑贱的心
像往常一样我为自己生气并且歌唱
那么乏力，爱也吹不动的叶子

收起"
白兰鸽巡游记,民谣,"作曲 : 球子
作词 : 球子
我从远方来到陌生的地方
就像沉睡了不知多少个年头
我将不顾一切的来到这地方
放眼望去一路春光不再平凡
啊~时光穿梭如水一般
啊~昨天的路已经很远
白兰鸽 白兰鸽
飞过彩虹划过的瞬间
他就在远方
不要停止追寻着他
白兰鸽 白兰鸽
飞过似水华丽的人间
直到拥有了一切
还是飞向北方
我从远方来到陌生的地方
就像沉睡了不知多少个年头
我将不顾一切的来到这地方
放眼望去一路春光不再平凡
啊~时光穿梭如水一般
啊~昨天的路已经很远
白兰鸽 白兰鸽
飞过彩虹划过的瞬间
他就在远方
不要停止追寻着他
白兰鸽 白兰鸽
飞过似水华丽的人间
直到拥有了一切
还是飞向北方
白兰鸽 白兰鸽
飞过彩虹划过的瞬间
他就在远方
不要停止追寻着他
白兰鸽 白兰鸽
飞过似水华丽的人间
直到拥有了一切
还是飞向北方
白兰鸽 白兰鸽
飞过似水华丽的人间
直到拥有了一切
还是飞向北方
收起"
猫都瞧不起我,民谣,"作曲 : 花粥
作词 : 花粥
你的眼神躲闪说你还没吃饭
等下还要回去上班
我喝掉我的奶盖笑着跟你拜拜
不然就会显得我不乖
可我的心里总是不大愉快
我也说不出是哪里奇怪
也许是我心甘情愿总想成为你的备胎
而你永远都不会明白
就连猫都瞧不起我
我还有什么话可说
连猫都瞧不起我
我的心像是被水泼过
时间过得太快钱又挣的太慢
冬天我又变得很懒
一年到头下来吃的都是外卖
生活没有一点色彩
而我也逐渐的习惯了孤单
不再奢求能够有谁陪伴
而我在这世界的痕迹一点一点变淡
也没有人会在意我的离开
就连猫都瞧不起我
我还有什么话可说
连猫都瞧不起我
我的心像是被火烫过
连猫都瞧不起我
这首歌你就当没听过
收起"
遥不可及的你,民谣,"作曲 : 花粥
作词 : 花粥
如果有一天我要去流浪
不是因为我厌倦了家乡
不是难忍这里冬天太长
而是我终于得知了你的方向
如果有一天我不再感伤
不是因为我突然的成长
不是有天有人向我递一颗糖
而是我终于走到了你的身旁
我从前相信
这世上有一个温暖的人
只为我悲喜
为我阻挡着人间的锋利
为了找到你
从未放过任何蛛丝马迹
而事到如今
终于明白我命里没你

我曾遇到许多美丽故事
也曾以为那些是你的名字
我的执迷不悟感动了我自己
你却还是一样遥不可及
所以我开始向往着远方
想去那些曾经有你的地方
可我未曾想过的人海茫茫
让我没日没夜迷失方向
我从前相信
这世上有一个温暖的人
只为我悲喜
为我阻挡着人间的锋利
为了找到你
从未放过任何蛛丝马迹
而事到如今
终于明白我命里没你

我从前相信
这世上有一个温暖的人
只为我悲喜
为我阻挡着人间的锋利
为了找到你
从未放过任何蛛丝马迹
而事到如今
终于明白我命里没你


收起"
春夏秋冬的你,民谣,"作曲 : 王宇良
作词 : 王宇良
那年春天 我迷失在梦里
那年夏天 像她一样恬静
那年秋天的风 映入慌乱的耳际
那年冬天 身边缺了你
如果春天 梦里面没有你
如果夏天 街角遇不见你
就算秋天的风 带你回不到这里
我的心 就像 冰冷的冬季
春夏秋冬失去了你
我怎么过一年四季
漫无目的地胡言乱语
让我独白出谁的回忆
春夏秋冬放开了你
你让我怎么平静
你的话就像 秋风无情
那年春天 我迷失在梦里
那年夏天 像她一样恬静
那年秋天的风 映入慌乱的耳际
那年冬天 身边缺了你
如果春天 梦里面没有你
如果夏天 街角遇不见你
就算秋天的风 带你回不到这里
我的心 就像 冰冷的冬季
春夏秋冬失去了你
我怎么过一年四季
漫无目的地胡言乱语
让我独白出谁的回忆
春夏秋冬放开了你
你让我怎么平静
你的话就像 秋风无情
春夏秋冬失去了你
我怎么过一年四季
漫无目的地胡言乱语
让我独白出谁的回忆
春夏秋冬放开了你
你让我怎么平静
你的话就像 秋风无情
怎么去寻找
春天的轨迹
看着大雁 一起回归远方
心中想着 伴随 你的姑娘
看着落叶飘落 回到家乡的彷徨
保持着 习惯的想象

收起"
乌兰巴托的夜,民谣,"那一夜父亲喝醉了
他在云端默默抽着烟
喝醉了以后还会想些什么
那些爱过又恨过的人
穿过旷野的风 你慢些走
我用沉默告诉你 我醉了酒
乌兰巴托的夜 那么静那么静
连风都听不到 听不到
飘向天边的云 你慢些走
我用奔跑告诉你 我不回头
乌兰巴托的夜 那么静那么静
连云都不知道 我不知道
乌兰巴托的夜 那么静
连风都听不到 我的声音
乌兰巴托的夜 那么静
连云都不知道 我不知道
乌兰巴托的夜 那么静那么静
连风都听不到 我听不到
乌兰巴托的夜 那么静那么静
连云都不知道 我不知道
乌兰巴托的夜 那么静 那么静
唱歌的人不时 掉眼泪
收起"
让我偷偷看你,民谣,"作曲 : 赵雷
作词 : 越阳
天空不再阴霾
柳枝随风摇摆
我站在树下发呆
粉红色的云彩
头轻轻的一抬
望见你的风采
扶流苏的裙摆
脸上挂着粉黛
微微的笑像小孩
站在你家门外
轻轻的把门敲开
害羞的低下脑袋
让我偷偷看你
在你回眸的微风里
让我偷偷看你
在你离去的背影里
头轻轻的一抬
望见你的风采
扶流苏的裙摆
脸上挂着粉黛
微微的笑像小孩
站在你家门外
轻轻的把门敲开
害羞的低下脑袋
让我偷偷看你
在你回眸的微风里
让我偷偷看你
在你离去的背影里
微微的笑像小孩
站在你家门外
轻轻的把门敲开
害羞的低下脑袋
让我偷偷看你
在你回眸的微风里
让我偷偷看你
在你离去的背影里
收起"
一腔诗意喂了狗,民谣,"作曲 : 花粥
作词 : 姬霄
沙海行旱舟，冰山做酒壶
二十多年没朋友，天涯任我游
孑然一身勇，算什么英雄
世间太多伤心愁我身后三只狗
大的叫孤勇，小的叫词穷
不大不小的最没用，名字叫踟蹰
月上柳梢头，相约去青楼
怒发冲冠凭栏处我身边一壶酒
醉眼看人间，个个都温柔
杯中尽是侠客冢，我还不想走
夜有人吟阙，也有人歌舞
一腔诗意喂了狗，我也不愿回头
一句似一箭，万箭读穿心
白驹一晃人已瘦，少年化老朽
正看尘满面，侧望腰已偻
你说不如打个赌，输了不许走
醉眼看人间，个个都温柔
杯中尽是侠客冢，我还不想走
也有人吟阙，也有人歌舞
一腔诗意喂了狗，我也不愿回头
一腔诗意喂了狗，我也不曾回头
收起"
我一定会爱上你,民谣,"作曲 : 谢春花
作词 : 谢春花
编曲：小皮
吉他：卢山
贝司：王丹
制作人：谢春花
背起背包 跨过高山
闭上双眼 感受春天
虽然我还没遇见你
但我一定会爱上你
走破双脚 踏过江海
不用停留 就要相见
虽然我是自由自在
但我一定会爱上你
我会在哪遇见你
是不是在一个遥远地方
那里有人在歌唱
那里有满天星光
我会在哪爱上你
会不会看见那短暂夕阳
错过了最美风光
不要哭红了眼眶
形影单只 孤独自在
张开双臂 拥抱晴天
虽然心情只是暂时
但我一定会爱上你
不用慌张 尽情幻想
时刻张望 不怕失望
虽然我还有点紧张
但我一定是爱你的
我会在哪遇见你
是不是在一个遥远地方
那里有人在歌唱
那里有满天星光
我会在哪爱上你
会不会看见那短暂夕阳
错过了最美风光
不要哭红了眼眶
啦啦啦啦啦啦啦
啦啦啦啦啦啦啦
啦啦啦啦啦啦啦
啦啦啦啦啦啦啦
收起"
当我寂寞的时候,民谣,"作曲 : 程璧
作词 : 金子美玲

编曲 : 李星宇
吉他 : 胡晨
鼓 : Eric Ford
黑管 : 唐宇珅
大贝斯 ; 何国强
和声 : 铁阳
录音 : 柯言/李星宇/王梓/Bence Bolygo

混音工程 : 李马科
母带工程 : 李马科
当我寂寞的时候
其他人并不知道
当我寂寞的时候
朋友在一边笑
当我寂寞的时候
妈妈总很温柔
当我寂寞的时候
神灵也寂寞
啦啦啦啦啦啦啦~
当我寂寞的时候
其他人并不知道
当我寂寞的时候
朋友在一边笑
当我寂寞的时候
妈妈总很温柔
当我寂寞的时候
神灵也寂寞
啦啦啦啦啦啦啦~
收起"
二十岁的某一天,民谣,"作曲 : 花粥
作词 : 花粥
二十岁的某一天
和你牵手走到天桥边
你兜里只有五块钱
我们吃了一碗牛肉面
你说什么爱情都会变
你说你现在也没有钱
你说谢谢我陪你这些天
你说以后不要再被别人骗

三十岁的某一天
我和他路过这条街
我说想吃碗牛肉面
他说他身上没零钱
我已经想不起你的脸
我也没有你的照片
时间它杀死了所有的从前
我们也没必要再去怀念
你说什么爱情都会变
你说你现在也没有钱
你说谢谢我陪你这些天
你说以后不要再被别人骗
啦 啦啦啦 啦啦啦啦啦啦啦
八十岁的某一天
我能否再想起你的脸
收起"
关于郑州的记忆,民谣,"关于郑州我知道的不多
为了爱情曾经去过那里
多少次在火车上路过这城市
一个人悄悄地想起她
她说她喜欢郑州冬天的阳光
巷子里飘满煤炉的味道
雾气穿过她年轻的脖子
直到今天都没有散去
关于郑州我想的全是你
想来想去都是忏悔和委屈
关于郑州我爱的全是你
爱来爱去不明白爱的意义
关于郑州只是偶尔想起
现在她的味道都在回忆里
每次和朋友说起过去的旅行
我不敢说我曾去过那里
关于郑州我想的全是你
想来生活无非是痛苦和美丽
关于郑州我爱的全是你
爱到最后我们都无路可去
似是而非或是世事可畏
有情有义又是有米无炊
时间改变了很多也什么都没有
让我再次拥抱你 郑州
收起"
平淡日子里的刺,民谣,"作曲 : 宋冬野
作词 : 韩寒
在歌舞升平的城市
忍不住回头看我的城池
在我手的将要丢失
他的幼稚我的固执
都成为历史
破的城市平淡日子
他（她）要寻找生活的刺
生活是这样子啊不如诗啊
转身撞到现实啊又只能如是啊
他却依然啊对现实放肆啊
等着美丽的故事被腐蚀啊
最后的好梦渐渐消失
放下玩具举起双手都没有微辞
他的幼稚我的固执
都成为历史
破的城市平淡日子
他（她）要寻找生活的刺
生活是这样子啊不如诗啊
转身撞到现实啊又只能如是啊
他却依然啊对现实放肆啊
等着美丽的故事被腐蚀啊
最后的好梦渐渐消失
放下玩具举起双手都没有微辞
这是个很久远的事
在歌舞升平的城市
在我手的将要丢失
收起"
还想听你的故事,民谣,"作曲 : 谢知非
作词 : 谢知非
编曲：小皮
我想听你讲
你的故事
很多离奇的趣事
和眩目落日
宁静的湖畔
我想让你
告诉我你的名字
它的故事
指尖指背的刺
点缀了幼稚
零点过十分
等黑夜吞噬
我们只是共享了几个故事
对你来说也许是平凡小事
说出的字一秒就成了历史
我只想紧抓着不让它流逝
我们其实才是最适合彼此
多想让你知道我此刻心事
今天的誓明天是否还坚持
你是否还有勇气再说开始

我想让你懂
我的固执
很多人来了又走
都不足挂齿
只有你不同
不必修饰
这么多的日子里
你都是心事
喝完这杯酒
再聊一会儿吧
零点过十分
等黑夜吞噬
我们只是共享了几个故事
对你来说也许是平凡小事
说出的字一秒就成了历史
我只想紧抓着不让它流逝
我们其实才是最适合彼此
多想让你知道我此刻心事
今天的誓明天是否还坚持
你是否还有勇气再说
我们只是共享了几个故事
对你来说也许是平凡小事
说出的字一秒就成了历史
我只想紧抓着不让它流逝
我们其实才是最适合彼此
多想让你知道我此刻心事
今天的誓明天是否还坚持
你是否还有勇气再说开始

收起"
我要回到风里了,民谣,"作曲 : 愚青
作词 : 乌糟兽
吉他：周成
编曲：周成
录音制作：周成

我是湖畔的聆听者
偷取你施舍的快乐
像风一样的
真实又虚妄地活着
我的自由快要干涸
答案还在风中悬着
像你一样的
洒脱又孤独的过客
我也把浪漫燃尽了
你也别枉叹何必了
我也无意再 往前了
你也无须再退后了
我的骄傲在作祟了
我要回到风里了
啊啊ha~
我是湖畔的聆听者
偷取你施舍的快乐
像风一样的
真实又虚妄地活着
我想甘心做歌颂者
只沉迷于你的纠葛
撩人的夜色
却又让我再贪心了
我也把浪漫燃尽了
你也别枉叹何必了
我也无意再 往前了
你也无须再退后了
我的骄傲在作祟了
我要回到 要回到 要回到
回到风里了
啊啊ha~
收起"
不知归期的故人,民谣,"作曲 : 少年佩
作词 : 一只然
编曲 : 王传统
芭蕉雨夜的蝉声
不知归期的故人
夜夜抒情的晚风
叫醒睡梦的鸢尾

孤悄如你的萦回
逐年把云苔剪碎
静看彷徨的烟霏
像你多变不可追

我是那迟迟不肯启航的一江水
以为明日扣门而来
是你铩羽而归

我是那迟迟不肯落下的一滴泪
任凭眼里的红
浸染我全部的卑微

等了几百个天黑
等到红墙变成灰
你化作一个称谓
却时刻惊惹是非

我是那迟迟不肯腐朽的一寸辉
幻想绝处逢迎细水
长流直至痛醉

我是那迟迟不肯诀别的一隅北
爱尽此处苍翠
听山海在耳边吵嘴

你倾慕山与水
也美不过我半生无悔
收起"
我的名字叫做安,民谣,"我生在北方的小城
静静的潮白河边
为纪念她的宁静
我的名字叫做安
乍暖还寒的春天
燕子飞过田野
白雪悄然的消融
我的名字叫做安
在我十八岁那一年
离开了她的视线
来到陌生的城市
我也许一去不返
在乍暖还寒的春天
燕子飞过田野
飞到陌生的城市
我的名字叫做安
我的名字叫做安
在这个陌生的世界
世界原来广阔辽远
怎么也望不到边
人和人越来越遥远
心变得冰冷漠然
我找到我的爱人
我从此一去不返
我告诉她我的名字
我的名字叫做安
我的名字叫做安
在这个不安的世界
在我十八岁那一年
离开了她的视线
来到陌生的城市
我也许一去不返
在乍暖还寒的春天
燕子飞过田野
飞到陌生的城市
我的名字叫做安
我的名字叫做安
在我思念的世界
世界原来广阔辽远
怎么也望不到边
人和人越来越遥远
心变得冰冷漠然
我找到我的爱人
我从此一去不返
我告诉她我的名字
我的名字叫做安
我的名字叫做安
在这个不安的世界
我的名字叫做安
在这个不安的世界
愿你在城市找到幸福
找到幸福啊
愿你在城市找到幸福
找到幸福啊
愿你在城市找到幸福
找到幸福啊
愿你在城市找到幸福
找到幸福啊
收起"
流川枫与苍井空,民谣,"作曲 : 曹石
作词 : 曹石
三年前他和她相遇在 师大路的报摊
为了买同一本灌篮 两个人对上了眼
从此白天发短信 晚上在网上聊天
半年后在八里村 他们住在了一块
她送他一本淘来的旧书 作者叫村上春树
他送她一瓶廉价的香水 她知道这香水没毒
他们是两个没毕业的学生 日子过得很苦
但青春期有了爱情 就是完美的幸福
为了对未来的憧憬 他和她埋头苦读
他考上研的那天 她拿到华为的签约书
一个去了深圳 一个去了成都
在新的世界里 每天茫然四顾
想念被距离拉远 也被时间冲淡
现实像一块橡皮 擦去了曾经的浪漫
当她鼓起勇气 说出分手的那天
他也只是对着电话 轻轻说声再见

这样的故事每年都发生 在这城市之中
这样的故事每年都结束 消失在风中
还记得当年他和她 爱的那么浓
他是她的流川枫 她是他的苍井空

三年后他和她相遇在 同学会上
他依然潇洒 她依然漂亮 但眼神都有些沧桑
他的身边带着一位刚刚完婚的新娘
而一个西装革履的男子 也站在她的身旁
握手的瞬间 那熟悉的温度 让她突然想哭
她只能挤出一丝笑容 不让泪水流出
所有的回忆 所有的故事 又冲进了脑中
他们站在人群里 像两个孩子一样无助

这样的故事每年都发生 在这城市之中
这样的故事每年都结束 消失在风中
还记得当年他和她 爱的那么浓
他是她的流川枫 她是他的苍井空

他是她的流川枫 她是他的苍井空

收起"
一把破吉他1999,民谣,"作曲 : 赵照
作词 : 赵照

那年夏天
你背着一把破吉他
走向车站 离开了家

倾盆的雨
淋湿了你的长头发
你抱紧行李 咬着牙
车厢里的旅人啊
都心事重重的
你不敢抬头看那窗外的景色

爱上漂泊的少年郎
你只有一把破吉他
你怎么舍得站台上
送别你的姑娘

前途孤单又漫长
你只有一把破吉他
你说你的脸庞
是雨水淋湿的

爱上漂泊的少年郎
你为什么还那么倔强
你怎么舍得站台上
送别你的姑娘

谁的青春能不荒唐
谁初次上路不慌张
你说你的脸庞
是雨水淋湿的

爱上漂泊的少年郎
你只有一把破吉他
你只有握紧拳头
用力把歌唱

你只有握紧拳头！
收起"
从前慢 - 吉他弹唱,民谣,"词：木心
曲:刘胡轶
吉他/口琴：洪尘

记得 早先 少年时
大家诚诚恳恳
说一句 是一句
清早上火车站
长街黑暗无行人
卖豆浆的小店冒着热气
从前的日色变得慢
车马邮件都慢
一生只够 爱一个人
从前的锁也好看
钥匙精美有样子
你锁了 人家就懂了

从前的日色变得慢
车马邮件都慢
一生只够 爱一个人
从前的锁也好看
钥匙精美有样子
你锁了 人家就懂了
你锁了 我就懂了
收起"
记忆中遥远的春天,民谣,"作曲 : 廖堃
作词 : 廖堃
等冬天已来临夏日带走所有激情
温暖只是残存在记忆中遥远的春天
寒冷的风吹过 陪伴我走过冷冷的街
让我想起我们曾拥有许多 美丽的瞬间
有多少没做完的梦
丢失在人潮岁月中
有多少童话般的人擦肩而过
还记得那年冬天我
做了一个奇怪的噩梦
有一群天使把我丢进大海中
等岁月已沉淀青春正一点点耗尽
来不及叹息就被丢进冷漠无情现实里
所有美丽童话梦的颜色正一点点褪去
这时候你出现在我的生命里
看着你温柔的眼睛
像是我丢失的爱情
我想用我炙热的心温暖你整个冬季
快把我的双手握紧
别把我丢进人海里
别把我丢进寂寞孤独的夜里

等岁月已沉淀青春正一点点耗尽
来不及叹息就被丢进冷漠无情现实里
所有美丽童话梦的颜色正一点点褪去
这时候你出现在我的生命里
看着你温柔的眼睛
像是我丢失的爱情
我想用我炙热的心温暖你整个冬季
快把我的双手握紧
别把我丢进人海里
别把我丢进寂寞孤独的夜里
有多少没做完的梦
丢失在人潮岁月中
有多少童话般的人擦肩而过
还记得那年冬天我
做了一个奇怪的噩梦
有一群天使把我丢进大海中
还记得那年冬天我
做了一个奇怪的噩梦
有一群天使把我丢进大海中

收起"
孤独及其所创造的,民谣,"作曲 : 刘昊霖
作词 : 唐映枫
饮醉不止马匹
还有肃杀黄昏
结伴成行的欢愉
我呆坐于肥胖里
唔…
从未情欲而得体
不甘果腹，所以菩提
攀缘不得
而已
破碎的人呐
将心底暮色托起
贪慕衰老，仿行诗句
从未真正失去

晨早不止风息
还有枪和肚皮
趔趄上岸的青年
因为言语而秩序
鲜活的人呐
从未情欲而得体
不甘果腹，所以菩提
攀缘不得
而已
深渊的人呐
吞咽子弹与潮汐
不断出离再凋敝于
世道的阴影里
温柔地枯寂
为眼前四季屏息
不解自由，然后自缢
自然没有目的
时间所赋予
从未流动而具体
一如孤独所有赋予
从未存在深意
你以为我是你
没有人是自己
所寻的终将失去
所爱的终归怀疑
收起"
你喜欢海却不喜欢山 ,民谣,"作曲 : 郭倍倍
作词 : 郭倍倍
编曲：鹿先森乐队

女声合唱: 董荔冰
手鼓：田芳茗
古典吉他: 杨松霖
主音吉他：董斌
键盘：董荔冰
贝斯：李斯
鼓：田芳茗
录音棚：Tweak Tone Labs
混音/母带处理：李卓
制作人：李卓

风给了我所有它见过的山谷
山谷给了我所有开过的花
花朵给了我所有的晨露
而我却在等你

河流给了我所有它洗过的沙石
沙石告诉了岸边所有走过的人
走过的人唱给我所有动听的歌
而我却在等你

你说你喜欢每一座城市都是一句晚安
你说你喜欢海却不喜欢山
你说你看到了这些就会对我微笑
所以我在等你


冬天的阳光给了我所有的温暖
所有温暖抱着我讲了所有的故事
每一个故事里都有一个美好的梦
而我却在等你

你说你喜欢每一座城市都是一句晚安
你说你喜欢海却不喜欢山
你说你看到了这些就会对我微笑
所以我在等你

你说你喜欢每一座城市都是一句晚安
你说你喜欢海却不喜欢山
你说你看到了这些就会对我微笑
所以我在等你

你说你喜欢每一座城市都是一句晚安
你说你喜欢海却不喜欢山
你说你看到了这些就会对我微笑
所以我在等你
所以我在等你
所以我在等你
所以我在等你
所以我在......
收起"
关于南方破碎的理想,民谣,"作曲 : 老四叔

作词 : 老四叔
别让等不了的拥抱
停止了你的寻找
你可知道这世界有多想要
别让等不到的黑夜
权限了你的奔跑
你可知道这世界有多想要
我听朋友说过
你曾经来过这里
那是你第一次背着行囊
来到了南方
我也听朋友说起
你哭着离开了南方
你在南方时的爱情
和南方时的梦想
后来都被撕成了回忆
你说成长是经历风霜雪月后的形状
在不同的年纪有着戏剧般的故事
你说梦想是一辈子遥不可及的东西
在你心中种下一颗沸腾的种子
别让等不了的拥抱
就停止了你的寻找
你可知道这世界有多想要
别让等不到的黑夜
就权限了你的奔跑
你可知道这世界有多想要

你说成长是经历风霜雪月后的形状
在不同的年纪有着戏剧般的故事
你说梦想是一辈子遥不可及的东西
在你心中种下一颗沸腾的种子
别让等不了的拥抱
就停止了你的寻找
你可知道这世界有多想要
别让等不到的黑夜
就权限了你的奔跑
你可知道这世界有多想要
别让等不到的拥抱
就停止了你的寻找
你可知道这世界有多想要
别让等不到的黑夜
就权限了你的奔跑
你可知道这世界有多想要

你可知道这世界有多想要
收起"
这场名叫人生的旅途,民谣,"作曲：夏小虎
作词：刁云逸
上车下车 人往人来
时间从不曾为谁等待
车窗之外 像是倒带
世界流入记忆的深海
心中的爱 是否还在
或已落在昨日的站台
这个春天 依然精彩
只是已不见那年花开
这场名叫人生的旅途
有太多风景不及回顾
在萧瑟处 回望来路
风雨天晴都无
这场名叫人生的旅途
哪里是驿站供我驻足
不知不觉 开始羡慕
花间蝴蝶飞舞
上车下车 人往人来
时间从不曾为谁等待
车窗之外 像是倒带
世界流入记忆的深海
心中的爱 是否还在
或已落在昨日的站台
这个春天 依然精彩
只是已不见那年花开
这场名叫人生的旅途
有太多风景不及回顾
在萧瑟处 回望来路
风雨天晴都无
这场名叫人生的旅途
哪里是驿站供我驻足
不知不觉 开始羡慕
花间蝴蝶飞舞
这场名叫人生的旅途
有太多风景不及回顾
在萧瑟处 回望来路
风雨天晴都无
这场名叫人生的旅途
哪里是驿站供我驻足
不知不觉 开始羡慕
花间蝴蝶飞舞
不知不觉 开始羡慕
花间蝴蝶飞舞
唵嘛哩嘛哩叭咪吽
收起"
南方的我，北方的你,民谣,"作词:王般若
作曲:王般若
编曲:戚勋凯

早起的五月清晨
我一个人在走
此刻的你
是否还在梦游
午后的暖阳当头
江南安静的时候
慵懒的你
诅咒北方的日头
我们在时光交错中
偶然的碰头
你说对不起
转头继续走
当时的你就像一块
笨笨的木头
却不知
后来的我们牵了手
我想要牵了手就走到永久的永久
你不给承诺自顾自的走
我来到陌生的远方想着以后的以后
那里没有你微笑的眼眸
才知道青春不过是成长的阴谋
我们都在努力扮演着成熟
路上的明天阴雨或是彩虹
就让我们牵手一起走
锈迹的门环
遮掩了风干的年幼
我走在你
捕捉过的镜头
雨水淋过的村庄
润湿了衣袖
苍老的杨柳
背叛岁月的年久
还记得我说转身就陌生了以后
你低着头不置可否
如今你不在 仅剩岁月在走
路过的街头 谁在守候
此刻我走在故事中异乡的尽头
你曾说过会在这里等我
突然想起北方烈日的午后
你是否记得那时的承诺
斜下的夕阳轻柔绕指头
何时能和你 一起走一走
刚下班的地铁
你走在陌生的街头
是否也泛起
南方小镇的忧愁
收起"
如果来生还能遇见你,民谣,"我们就这样过了好几天
很新鲜
我们就这样过了好几年
很平淡
也许我们会 变得越来越客气
彬彬有礼
也许不知不觉我们再也不联系

也许一开始就注定要分开
很无奈
也许一开始就不该说出来
很伤害
虽然我们依然爱着对方
可也两败俱伤
你是否恨过那个相遇的地方

如果来生还能遇见你
我会紧紧拥抱你在怀里
陪你挨过每一个寒冷的夜
带你走过每一个季节

如果有一天我们又在这里 相遇
别忘了我曾在这里说过我爱你
也许那时候我们已经苍老 两鬓斑白
亲吻你的勇气还在不在

每当这个城市又灯火阑珊
像星光漫天
我总会想起很久很久以前
那时的你 有很多观点
但没有任何杂念
那时的我是个纯真的少年

如果来生还能遇见你
我会紧紧拥抱你在怀里
陪你挨过每一个寒冷的夜
带你走过每一个季节

如果来生还能遇见你
我会紧紧拥抱你在怀里
陪你挨过每一个寒冷的夜
带你走过每一个季节

如果来生还能再遇见你
你是否还记得我的模样

收起"
陪我到可可西里去看海,民谣,"作曲 : 大冰
作词 : 大冰
如果有一天你找不到我
你会去什么地方发呆
给你唱首歌
陪我到可可西里去看海
谁说月亮上不曾有青草
谁说可可西里没有海
谁说太平洋底燃不起篝火
谁说世界尽头没人听我唱歌
谁说戈壁滩不曾有灯塔
谁说可可西里没有海
谁说拉拇拉措吻不到沙漠
谁说我的目光流淌不成河
陪我到可可西里看一看海
不要未来 只要你来
陪我到可可西里看一看海
一直都在你在不在
陪我到可可西里看一看海
我去划船 你来发呆
陪我到可可西里看一看海
姑娘啊 你来不来
谁说我的一生注定要蹉跎
谁说你的心里荒凉而曲折
谁说流浪歌手注定要漂泊
谁说可可西里没有海
陪我到可可西里看一看海
不要未来 只要你来
陪我到可可西里看一看海
一直都在你在不在
陪我到可可西里看一看海
我去划船 你来发呆
陪我到可可西里看一看海
姑娘啊
收起"
你有多久没有看过星星,民谣,"作曲 : 陈洁修
作词 : 陈洁修
你有多久没有看过星星
就像那夜空中凝视的眼睛
静静地注视着世事变幻
彼此却从不曾互相靠近
他们是来自黑暗的生命
守护着某一刻漂泊的心
却在每一个日出的时刻
隐藏起自己黯淡的身影
啦啦啦 啦啦啦啦 啦啦
其实这一切都已经写明
他们会在何时坠落向大地
在那混浊的尘世的梦中
变成一颗流星点缀我们的夜空
突然车窗外下起了大雨
我问你是否还能看到星星
你说可以啊随我闭上眼睛
他们永远的睡在我的心里
啦啦啦 啦啦啦啦 啦啦
你说有些话从不必说明
有些人一直睡在我的心里
他们会一直在，他们一直爱
收起"
一棵会开花的树(demo),民谣,"作曲：谢知非
作词：谢知非（谢春花）
手鼓、吉他：谢春花
昨晚下了一整夜的雨
今早起来却能看见好天气
一个晚上解不出的迷
在你之后不用再深究谜底
曾经以为最好的结局
是把骨灰撒进辽阔大海里
浪花带走我所有回忆
但比起大海现在更愿意

在我死后 请将我种成
一棵会开花的树
来年三月 在一夜之间 开满白色的花束
你若记得 我们的誓言 在很多年以前
樱花也好 玉兰也好
只要是棵春天的树


春分时节最美的境遇
不过和你同坐温暖阳光里
人来人往都不用在意
因为在我眼中只能看见你
曾经以为最后的结局
是我孤独一生燃尽火焰里
星火殆尽被他们忘记
但有生之年还好遇见你

在我死后 请将我种成
一棵会开花的树
来年三月 在一夜之间 开满白色的花束
你若记得 我们的誓言 在很多年以前
樱花也好 玉兰也好
只要是棵春天的树
收起"
八舍旁的梧桐树与开水房,民谣,"作曲 : 陈霄
作词 : 陈霄
编曲：陈霄
钢琴：陈霄
小提琴：高小琪
录音：郭子敬
混音：郭子敬
制作人：陈霄
我不愿在初雪落下的日子回到这里
因为开水房的雾气中再没有你年轻的脸
我不愿在漫天黄叶的深秋回到这里
因为你终究要去往你以为的远方
我不愿在老友聚会的场合回到这里
看你客气而礼貌的微笑说声好久不见
我不愿在下过雨后的黄昏回到这里
和你聊着无关痛痒的话题
分别后转身走入人潮
很多年以后我们最终都过上了想要的生活
却为何变成了年轻时最讨厌的大人模样
操场边的台阶上还会不会在夜里传来叹息
而我们早已失去痛哭的勇气

我想在春风沉醉的夜晚回到这里
在汉口路坏掉的路灯下找找卖打口碟的小哥
我想在蝉鸣阵阵的盛夏回到这里
送你到站台再看你最后一眼
我想在变得更加冷漠之前回到这里
再去雕刻时光靠窗的熟悉位置坐一坐
我想在记忆变得更差之前回到这里
再重新走一遍通往八舍的那条路
在这条路尽头 我仿佛看见依然年轻的你
还在终点等我 就好像时光从未让你变得衰老
你看风又起了 梧桐叶又会落下
我们在风里沉沉睡去
在梦里永远还是年轻的模样
收起"
这一切没有想像的那么糟,民谣,"作曲 : 万晓利
作词 : 万晓利
暴风雨来临那一天
迷途的羔羊还没回来
铁匠铺传来了叮当叮当声
这一切没有想像的那么糟
丰盛的酒席已准备好
尊贵的客人却没来到
熟睡的女儿露出笑靥
这一切没有想像的那么糟
想捕捉一只美丽蜻蜓
却打碎自己心爱的花瓶
燕子飞回了屋檐下的巢
这一切没有想像的那么糟

每天都要精心的灌溉
兰花却一天天的垂败
清风送来了杏花香
这一切没有想像的那么糟
要爬上山顶去看风景
可走到山腰脚已起泡
停下来在溪边喝一口水
这一切没有想像的那么糟
被刽子手砍下了人头
魂魄还能留恋最后九秒
第七秒时突然从梦中惊醒
这一切没有想像的那么糟

收起"
你是我最愚蠢的一次浪漫,民谣,"作曲 : 少年佩
作词 : 一只然
制作人：邱昊
监制：李纤橙
编曲：邱昊/张毅
主唱：红鼻子小黑
和声：红鼻子小黑
混音：严祥博
母带：吴涛
可爱可恨可有遗憾
是你是他又与谁相关
细细缓缓轻轻慢慢
失神岁月一去无返
可曾可愿可知冷暖
余晖散尽又熄灭绚烂
淙淙潺潺簌簌款款
娓娓诉说不惊波澜
沿窗听风尘
痕迹都黯然
故事被具象成不愉快的夜晚
时间一过
继而被吹散
未出口的话喉咙里打转
换成歌给你听
可能更委婉
仙湖边有船
微光照彼岸
我是这船上客
它陪我渡孤单
夜的心事
浩瀚又纷乱
你走之后我很少再看
在想象中复燃
可能更解烦
可爱可恨可有遗憾
是你是他又与谁相关
细细缓缓轻轻慢慢
失神岁月一去无返
偷来的时光总是太短
你是我最愚蠢的一次浪漫
收起"
在冬天和奶奶一起晒太阳,民谣,"作曲 : 赵照
作词 : 赵照
在冬天和奶奶一起晒太阳]在冬天和奶奶一起晒太阳 一只麻雀偷偷上了我家的房

邻居家的狗在叫着汪汪汪 我懒洋洋 我暖洋洋
我的心情就象身上的棉衣裳 我盘算着怎么吃下一块糖
如果我们能到集市上逛一逛 啊~ 啊~
大公鸡骄傲的张开一双翅膀 小花猫调皮的爬到枣树上
妈妈做的饭是什么这么香 这么香 这么香
在冬天和奶奶一起晒太阳 这是一段多么美好的时光
我的心情就象身上的棉衣裳 啊~ 啊~"
旧情人，我是时间的新欢,民谣,"作曲 : 尧十三
作词 : 尧十三/马頔
你是谁的新欢和旧爱
当你行走在黑夜里
看一次不散场的电影
等一个等不来的人
谁渴望
谁悲伤

你是谁的新欢和旧爱
当他拥抱赤裸的你
时间就变成了船儿
在海上颠簸摇晃
守着船上的人们远航

一直到你独自醒来
发疯一样地寻找
没有答案
你在黄昏时转身离开

一直到他从流光里
匆匆赶来
带着红纹石的种子
撕开黑夜的防备
割破双手
染红了谁的脸

你是谁的新欢和旧爱
当他拍掉你身上的雨
把你的眼泪装进酒杯
当做他唯一的依靠
然后成为你伟大的船长

一直到你独自醒来
发疯一样地寻找
没有答案
你在黄昏时转身离开

一直到他从流光里
匆匆赶来
带着红纹石的种子
撕开黑夜的防备
割破双手
染红了你的脸

你是谁的新欢和旧爱
如果他善待你的美丽
会不会对你手下留情
会不会一无所有
再见旧情人
我是时间的新欢
收起"
就像是一块没有记忆的石头,民谣,"作曲 : 陈洁修
作词 : 陈洁修
@陈小熊bigbearzjzl
就像是一块没有记忆的石头
我滚来滚去滚到了山的尽头
我面前有一条条小溪
却不知会带我往哪走
我身上的一道道伤痕
都在流水中化为了乌有
我说生命啊
请不要停留
我说生命啊
请不要停留

就像是一棵等待干枯的植物
我用尽最后力气抓住泥土
我就这样睁着眼睛
放空着等时间流走
我就这样一动不动
仿佛已经过了很久
我说生命啊
请不要停留
我说生命啊
请不要停留

就像是一个存在了很久的错误
我在这个世界上没有容身之处
我也曾不顾一切的挣脱
却深陷在自己的牢笼
我也曾不顾一切的爱啊
以为这样就不会孤独
可是生命啊
全都是重复
可是生命啊
重复着错误

我就像一个干枯的植物
我是一块没有记忆的石头
我就像一个永久的错误
我找不到容身之处

微博：@陈小熊bigbearzjzl
微信：chenxiaoxiongne
首张个人专辑《之外》


歌词滚动：翔叔lx
收起"
我在二月的春风里遇见了你,民谣,"作曲 : 刘昰
作词 : 刘昰


我想是不期的而遇
你在二月的春风里
怎么就会遇见了你
从此我不再是我
你也不再是你

我想是春天的旨意
风把你吹到了这里
怎么就会遇见了你
从此我不再是我
你也不再是你

你在我走过的城市里走我走过的脚印
我在你千里之外的城市里默默无闻

我没有成为你生活牵绊你总是那么单纯
你出现了我的生活带着前一天的余温

你来了就不要走了 我的美人

我想是春天的旨意
风把你吹到了这里
怎么就会遇见了你
从此我不再是我
你也不再是你

你在我走过的城市里走我走过的脚印
我在你千里之外的城市里默默无闻

我没有成为你生活牵绊你总是那么单纯
你出现了我的生活带着前一天的余温

你来了就不要走了 我的美人
你来了就不要走了 我的美人
收起"
唱不了一首欢乐的歌(demo),民谣,"作词：谢知非（谢春花）
作曲：谢知非
口琴：谢春花
嘿 我想只有 你懂我了
我 每个眼神 都在说话
爱 忽暖忽热 的心情呀
她 和你有太 多关联呀
于是我 想放声歌唱
可是我却 我却我却

唱不了一首欢乐的歌
等不到一个合适的人
喝不下一杯凉掉的茶
救不起一艘沉没的船

写不了一首深情的歌
忘不掉一个离开的人
容不下一口寂寞的烟
修不好一根断掉的弦



嘿 我想只让 你听我唱
我 只想对你 说心里话
爱 所以不愿 失去你呀
那 是不是该 拥有你呢

于是我 想放声歌唱
可是我却 我却我却

唱不了一首欢乐的歌
等不到一个合适的人
喝不下一杯凉掉的茶
救不起一艘沉没的船

写不了一首深情的歌
忘不掉一个离开的人
容不下一口寂寞的烟
修不好一根断掉的弦
da da da da da da da da da
da da da da da da da da da
da da da da da da da da da
唱不了一首欢乐的歌
收起"
我们并不孤独，只是格格不入,民谣,"作曲：葱头
作词：子维/葱头
编曲：墙宇飞碟-孙越强
我是一颗善良的种子
冬眠在繁华的城市里
生长在一处破旧老墙上
早已习惯了孤独和别离
如果阳光照亮了现实
我还呆在黑暗角落里
请告诉别人 告诉所有的人
我已习惯了腐朽的气息
我们并不孤独
在岁月奔流不息的长河里
我们并不孤独
在人潮拥挤不堪的街道上
如果阳光照亮了现实
我还呆在黑暗角落里
请告诉别人 告诉所有的人
我已习惯了腐朽的气息
我们并不孤独
在岁月奔流不息的长河里
我们并不孤独
在人潮拥挤不堪的街道上
我们并不孤独
在落月溅起星光的夜空里
我们并不孤独
在寒风呼啸而过的荒野上
我是一颗善良的种子
冬眠在繁华的城市里
生长在一处破旧老墙上
早已习惯了孤独和别离
收起"
她说每个人的心中都有一首歌,民谣,"作曲 : 陈洁修
作词 : 陈洁修
她说 每个人的心中都有一首歌
那时爱的人 曾为你哼唱过
我说 青春很沉默 我从来没爱过
岁月静好 连阳光都很柔和
啦啦啦啦 她轻轻哼着歌
啦啦啦啦啦啦啦啦啦啦啦
啦啦啦啦 我轻轻跟着和
啦啦啦啦啦啦啦啦啦啦啦

我说 刚才的刚才 我想起那首歌
歌词那么长 我却一直都记得
她说 你还会唱二声部么 我来唱副歌
一个人 的声音 太单薄

她唱一句 我轻轻跟着和
连声音 都充满表情和动作
我唱着歌 她安静的笑着
那旋律 把时光都淹没

她说 每个人的心中都有一首歌
那时爱的人 曾为你哼唱过
我说 岁月太匆忙 我们都不够深刻
你和我 都只是 过客
你和我 再唱起 那首歌

歌词贡献者：翔叔
收起"
那个喝醉的夜晚挡不住我们的步伐,民谣,"唱一首悲伤的歌
回忆像泉水涌过
再唱不出那样的歌
我们一起坐在阴暗的角落

那个喝醉的夜晚挡不住我们的步伐
至少还有那迷人的月亮给我们光
坚强的不是我们 有一些幻想
请你带我回到老地方

唱一首悲伤的歌
回忆像泉水涌过
再唱不出那样的歌
我们一起坐在阴暗的角落
那个喝醉的夜晚挡不住我们的步伐
至少还有那迷人的月亮给我们光
坚强的不是我们 有一些幻想
请你带我回到老地方
那个喝醉的夜晚挡不住我们的步伐
至少还有那迷人的月亮给我们光
坚强的不是我们 有一些幻想
请你带我回到老地方
请你带我回到老地方
请你带我回到老地方
我们一起回到老地方
收起"
